WKT,node
"POINT (378729.999 4658217.999 0.0)",1
"POINT (378746.089 4658222.499 0.0)",2
"POINT (378757.499 4658216.499 0.0)",3
"POINT (378674.999 4658162.499 0.0)",4
"POINT (378688.909 4658164.499 0.0)",5
"POINT (378729.189 4658203.499 0.0)",6
"POINT (378744.979 4658207.229 0.0)",7
"POINT (378699.239 4658154.109 0.0)",8
"POINT (378670.499 4658097.999 0.0)",9
"POINT (378673.689 4658148.999 0.0)",10
"POINT (378687.179 4658145.039 0.0)",11
"POINT (378702.909 4658165.999 0.0)",12
"POINT (378728.809 4658183.499 0.0)",13
"POINT (378747.069 4658188.859 0.0)",14
"POINT (378762.089 4658197.499 0.0)",15
"POINT (378691.809 4658130.719 0.0)",16
"POINT (378711.609 4658153.479 0.0)",17
"POINT (378702.769 4658140.159 0.0)",18
"POINT (378681.689 4658097.499 0.0)",19
"POINT (378670.809 4658110.999 0.0)",20
"POINT (378696.909 4658095.999 0.0)",21
"POINT (378671.999 4658130.999 0.0)",22
"POINT (378717.599 4658167.999 0.0)",23
"POINT (378728.499 4658169.499 0.0)",24
"POINT (378747.349 4658165.739 0.0)",25
"POINT (378767.689 4658178.499 0.0)",26
"POINT (378710.879 4658124.609 0.0)",27
"POINT (378718.069 4658139.689 0.0)",28
"POINT (378690.889 4658113.989 0.0)",29
"POINT (378728.639 4658152.749 0.0)",30
"POINT (378773.409 4658158.999 0.0)",31
"POINT (378756.449 4658152.129 0.0)",32
"POINT (378669.409 4658086.499 0.0)",33
"POINT (378731.429 4658128.619 0.0)",34
"POINT (378708.129 4658108.039 0.0)",35
"POINT (378716.909 4658095.499 0.0)",36
"POINT (378745.919 4658144.239 0.0)",37
"POINT (378779.189 4658139.999 0.0)",38
"POINT (378758.079 4658137.259 0.0)",39
"POINT (378668.409 4658073.999 0.0)",40
"POINT (378667.309 4658059.499 0.0)",41
"POINT (378682.099 4658085.999 0.0)",42
"POINT (378736.909 4658094.499 0.0)",43
"POINT (378725.039 4658110.119 0.0)",44
"POINT (378749.309 4658125.649 0.0)",45
"POINT (378765.799 4658126.909 0.0)",46
"POINT (378684.679 4658071.139 0.0)",47
"POINT (378666.189 4658039.499 0.0)",48
"POINT (378702.099 4658084.999 0.0)",49
"POINT (378742.099 4658110.419 0.0)",50
"POINT (378784.999 4658120.999 0.0)",51
"POINT (378761.009 4658113.159 0.0)",52
"POINT (378665.909 4658022.499 0.0)",53
"POINT (378705.419 4658069.119 0.0)",54
"POINT (378691.729 4658054.939 0.0)",55
"POINT (378679.969 4658039.229 0.0)",56
"POINT (378721.999 4658083.499 0.0)",57
"POINT (378727.349 4658067.179 0.0)",58
"POINT (378752.499 4658092.999 0.0)",59
"POINT (378771.379 4658101.979 0.0)",60
"POINT (378689.189 4658021.499 0.0)",61
"POINT (378712.329 4658052.609 0.0)",62
"POINT (378699.469 4658037.419 0.0)",63
"POINT (378753.999 4658081.999 0.0)",64
"POINT (378738.189 4658082.499 0.0)",65
"POINT (378790.809 4658101.999 0.0)",66
"POINT (378772.809 4658084.709 0.0)",67
"POINT (378709.099 4658019.499 0.0)",68
"POINT (378721.049 4658035.779 0.0)",69
"POINT (378746.149 4658066.649 0.0)",70
"POINT (378764.699 4658066.639 0.0)",71
"POINT (378735.419 4658050.799 0.0)",72
"POINT (378796.689 4658082.499 0.0)",73
"POINT (378783.899 4658066.329 0.0)",74
"POINT (378729.099 4658018.499 0.0)",75
"POINT (378744.049 4658033.479 0.0)",76
"POINT (378756.589 4658050.339 0.0)",77
"POINT (378802.499 4658063.499 0.0)",78
"POINT (378791.319 4658050.429 0.0)",79
"POINT (378774.739 4658049.799 0.0)",80
"POINT (378748.999 4658016.999 0.0)",81
"POINT (378766.229 4658033.959 0.0)",82
"POINT (378808.309 4658044.499 0.0)",83
"POINT (378790.019 4658032.569 0.0)",84
"POINT (378763.689 4657998.999 0.0)",85
"POINT (378796.589 4658011.059 0.0)",86
"POINT (378774.689 4658015.999 0.0)",87
"POINT (378808.089 4657748.499 0.0)",88
"POINT (378798.409 4657765.499 0.0)",89
"POINT (378803.089 4657747.499 0.0)",90
"POINT (378783.909 4657742.499 0.0)",91
"POINT (378766.189 4657750.999 0.0)",92
"POINT (378814.189 4658025.499 0.0)",93
"POINT (378763.809 4657984.499 0.0)",94
"POINT (378778.589 4657998.999 0.0)",95
"POINT (378842.309 4657759.999 0.0)",96
"POINT (378824.589 4657754.499 0.0)",97
"POINT (378803.909 4657761.499 0.0)",98
"POINT (378781.419 4657759.499 0.0)",99
"POINT (378791.909 4657784.499 0.0)",100
"POINT (378760.189 4657770.499 0.0)",101
"POINT (378819.999 4658005.999 0.0)",102
"POINT (378783.999 4657984.499 0.0)",103
"POINT (378710.909 4657918.499 0.0)",104
"POINT (378838.999 4657770.499 0.0)",105
"POINT (378818.279 4657775.449 0.0)",106
"POINT (378785.689 4657803.499 0.0)",107
"POINT (378776.999 4657782.539 0.0)",108
"POINT (378754.089 4657789.499 0.0)",109
"POINT (378802.069 4657987.269 0.0)",110
"POINT (378793.499 4657959.499 0.0)",111
"POINT (378825.809 4657986.999 0.0)",112
"POINT (378723.359 4657921.169 0.0)",113
"POINT (378715.689 4657903.169 0.0)",114
"POINT (378797.689 4657780.499 0.0)",115
"POINT (378832.809 4657789.499 0.0)",116
"POINT (378811.649 4657796.169 0.0)",117
"POINT (378767.279 4657804.809 0.0)",118
"POINT (378747.999 4657808.499 0.0)",119
"POINT (378824.879 4657954.959 0.0)",120
"POINT (378831.589 4657967.999 0.0)",121
"POINT (378813.579 4657962.819 0.0)",122
"POINT (378799.909 4657940.499 0.0)",123
"POINT (378721.759 4657885.659 0.0)",124
"POINT (378735.909 4657920.499 0.0)",125
"POINT (378738.209 4657900.659 0.0)",126
"POINT (378791.409 4657799.499 0.0)",127
"POINT (378826.589 4657808.499 0.0)",128
"POINT (378806.129 4657814.009 0.0)",129
"POINT (378729.099 4657865.499 0.0)",130
"POINT (378779.589 4657822.499 0.0)",131
"POINT (378759.469 4657826.229 0.0)",132
"POINT (378735.409 4657846.499 0.0)",133
"POINT (378741.809 4657827.499 0.0)",134
"POINT (378837.409 4657948.499 0.0)",135
"POINT (378803.189 4657929.499 0.0)",136
"POINT (378816.919 4657940.509 0.0)",137
"POINT (378794.999 4657926.999 0.0)",138
"POINT (378740.549 4657881.359 0.0)",139
"POINT (378775.689 4657921.999 0.0)",140
"POINT (378755.909 4657920.499 0.0)",141
"POINT (378785.189 4657818.499 0.0)",142
"POINT (378820.409 4657827.499 0.0)",143
"POINT (378752.589 4657865.459 0.0)",144
"POINT (378774.909 4657836.499 0.0)",145
"POINT (378754.649 4657843.049 0.0)",146
"POINT (378843.189 4657929.499 0.0)",147
"POINT (378830.329 4657926.569 0.0)",148
"POINT (378809.469 4657920.519 0.0)",149
"POINT (378790.989 4657912.179 0.0)",150
"POINT (378759.439 4657892.729 0.0)",151
"POINT (378772.879 4657908.739 0.0)",152
"POINT (378814.309 4657846.499 0.0)",153
"POINT (378799.669 4657833.449 0.0)",154
"POINT (378778.999 4657837.499 0.0)",155
"POINT (378768.689 4657855.999 0.0)",156
"POINT (378848.999 4657910.499 0.0)",157
"POINT (378825.909 4657911.679 0.0)",158
"POINT (378784.269 4657895.249 0.0)",159
"POINT (378776.129 4657874.989 0.0)",160
"POINT (378808.659 4657899.599 0.0)",161
"POINT (378809.089 4657862.499 0.0)",162
"POINT (378792.989 4657856.699 0.0)",163
"POINT (378831.169 4657893.539 0.0)",164
"POINT (378854.809 4657891.499 0.0)",165
"POINT (378803.089 4657881.499 0.0)",166
"POINT (378817.619 4657881.529 0.0)",167
"POINT (378860.499 4657871.999 0.0)",168
"POINT (378836.849 4657871.359 0.0)",169
"POINT (378848.689 4657856.809 0.0)",170
"POINT (378819.589 4657842.999 0.0)",171
"POINT (378812.499 4657863.999 0.0)",172
"POINT (378866.309 4657852.999 0.0)",173
"POINT (378829.689 4657845.999 0.0)",174
"POINT (378852.139 4657840.459 0.0)",175
"POINT (378880.499 4657840.999 0.0)",176
"POINT (378871.809 4657839.499 0.0)",177
"POINT (378838.409 4657821.499 0.0)",178
"POINT (378862.059 4657822.329 0.0)",179
"POINT (378885.089 4657826.999 0.0)",180
"POINT (378890.499 4657807.499 0.0)",181
"POINT (378844.689 4657802.499 0.0)",182
"POINT (378880.189 4657802.999 0.0)",183
"POINT (378850.999 4657783.499 0.0)",184
"POINT (378863.189 4657744.999 0.0)",185
"POINT (378857.189 4657764.499 0.0)",186
"POINT (378887.809 4657775.499 0.0)",187
"POINT (378874.619 4657771.609 0.0)",188
"POINT (378877.849 4657746.659 0.0)",189
"POINT (378893.689 4657756.499 0.0)",190
"POINT (378869.089 4657725.999 0.0)",191
"POINT (378899.589 4657737.499 0.0)",192
"POINT (378877.809 4657709.999 0.0)",193
"POINT (378887.499 4657724.809 0.0)",194
"POINT (378905.499 4657718.499 0.0)",195
"POINT (378894.539 4657706.119 0.0)",196
"POINT (378854.909 4657665.499 0.0)",197
"POINT (378824.589 4657650.999 0.0)",198
"POINT (378911.409 4657698.999 0.0)",199
"POINT (378885.589 4657691.499 0.0)",200
"POINT (378864.909 4657674.499 0.0)",201
"POINT (378873.809 4657678.499 0.0)",202
"POINT (378838.189 4657657.499 0.0)",203
"POINT (378859.409 4657654.999 0.0)",204
"POINT (378832.069 4657636.279 0.0)",205
"POINT (378810.089 4657643.999 0.0)",206
"POINT (378810.609 4657630.609 0.0)",207
"POINT (378899.899 4657691.549 0.0)",208
"POINT (378893.499 4657672.999 0.0)",209
"POINT (378886.089 4657679.499 0.0)",210
"POINT (378858.909 4657666.499 0.0)",211
"POINT (378874.019 4657668.019 0.0)",212
"POINT (378866.499 4657639.499 0.0)",213
"POINT (378850.129 4657636.879 0.0)",214
"POINT (378822.579 4657617.839 0.0)",215
"POINT (378842.039 4657614.439 0.0)",216
"POINT (378794.999 4657636.999 0.0)",217
"POINT (378792.189 4657622.699 0.0)",218
"POINT (378899.809 4657656.999 0.0)",219
"POINT (378917.309 4657679.999 0.0)",220
"POINT (378890.499 4657668.999 0.0)",221
"POINT (378862.909 4657655.999 0.0)",222
"POINT (378858.799 4657622.679 0.0)",223
"POINT (378863.799 4657601.549 0.0)",224
"POINT (378802.719 4657607.209 0.0)",225
"POINT (378825.929 4657598.159 0.0)",226
"POINT (378843.059 4657593.039 0.0)",227
"POINT (378776.909 4657628.499 0.0)",228
"POINT (378780.999 4657604.189 0.0)",229
"POINT (378923.189 4657660.999 0.0)",230
"POINT (378879.879 4657655.089 0.0)",231
"POINT (378895.189 4657657.499 0.0)",232
"POINT (378909.049 4657640.519 0.0)",233
"POINT (378869.809 4657640.999 0.0)",234
"POINT (378874.589 4657621.999 0.0)",235
"POINT (378868.429 4657584.119 0.0)",236
"POINT (378853.409 4657580.469 0.0)",237
"POINT (378797.259 4657589.529 0.0)",238
"POINT (378813.789 4657587.689 0.0)",239
"POINT (378832.589 4657576.669 0.0)",240
"POINT (378758.909 4657619.999 0.0)",241
"POINT (378763.289 4657592.939 0.0)",242
"POINT (378779.349 4657575.699 0.0)",243
"POINT (378929.089 4657641.999 0.0)",244
"POINT (378886.809 4657638.999 0.0)",245
"POINT (378876.999 4657625.499 0.0)",246
"POINT (378883.269 4657605.749 0.0)",247
"POINT (378881.179 4657591.259 0.0)",248
"POINT (378851.599 4657564.889 0.0)",249
"POINT (378882.059 4657576.199 0.0)",250
"POINT (378867.329 4657570.559 0.0)",251
"POINT (378789.039 4657559.679 0.0)",252
"POINT (378806.729 4657567.469 0.0)",253
"POINT (378828.529 4657556.779 0.0)",254
"POINT (378813.999 4657550.909 0.0)",255
"POINT (378844.459 4657543.919 0.0)",256
"POINT (378742.679 4657595.169 0.0)",257
"POINT (378754.499 4657569.649 0.0)",258
"POINT (378918.859 4657626.609 0.0)",259
"POINT (378896.499 4657617.499 0.0)",260
"POINT (378900.289 4657596.419 0.0)",261
"POINT (378895.959 4657575.769 0.0)",262
"POINT (378866.909 4657551.009 0.0)",263
"POINT (378883.029 4657559.829 0.0)",264
"POINT (378857.149 4657530.919 0.0)",265
"POINT (378773.169 4657548.569 0.0)",266
"POINT (378761.039 4657527.099 0.0)",267
"POINT (378798.579 4657543.879 0.0)",268
"POINT (378838.089 4657525.399 0.0)",269
"POINT (378822.169 4657535.499 0.0)",270
"POINT (378730.009 4657568.109 0.0)",271
"POINT (378744.729 4657544.189 0.0)",272
"POINT (378934.999 4657622.499 0.0)",273
"POINT (378919.279 4657601.549 0.0)",274
"POINT (378910.979 4657567.079 0.0)",275
"POINT (378915.849 4657583.139 0.0)",276
"POINT (378883.989 4657543.469 0.0)",277
"POINT (378894.669 4657538.259 0.0)",278
"POINT (378872.999 4657535.059 0.0)",279
"POINT (378899.989 4657554.629 0.0)",280
"POINT (378868.389 4657519.569 0.0)",281
"POINT (378871.419 4657509.089 0.0)",282
"POINT (378848.609 4657514.239 0.0)",283
"POINT (378803.569 4657520.009 0.0)",284
"POINT (378781.769 4657523.709 0.0)",285
"POINT (378825.019 4657509.759 0.0)",286
"POINT (378716.989 4657541.219 0.0)",287
"POINT (378761.849 4657504.469 0.0)",288
"POINT (378940.909 4657603.499 0.0)",289
"POINT (378932.339 4657586.049 0.0)",290
"POINT (378926.379 4657568.969 0.0)",291
"POINT (378908.109 4657539.299 0.0)",292
"POINT (378884.829 4657529.119 0.0)",293
"POINT (378916.719 4657552.909 0.0)",294
"POINT (378879.369 4657501.949 0.0)",295
"POINT (378885.629 4657515.489 0.0)",296
"POINT (378934.569 4657553.899 0.0)",297
"POINT (378948.449 4657554.269 0.0)",298
"POINT (378858.079 4657503.089 0.0)",299
"POINT (378850.839 4657478.509 0.0)",300
"POINT (378841.179 4657495.489 0.0)",301
"POINT (378788.629 4657502.889 0.0)",302
"POINT (378805.159 4657498.749 0.0)",303
"POINT (378823.069 4657487.339 0.0)",304
"POINT (378737.199 4657517.679 0.0)",305
"POINT (378703.869 4657514.379 0.0)",306
"POINT (378741.649 4657496.479 0.0)",307
"POINT (378773.849 4657483.069 0.0)",308
"POINT (378946.409 4657587.499 0.0)",309
"POINT (378945.189 4657571.649 0.0)",310
"POINT (378970.469 4657552.739 0.0)",311
"POINT (378959.949 4657559.289 0.0)",312
"POINT (378897.919 4657525.489 0.0)",313
"POINT (378926.869 4657536.439 0.0)",314
"POINT (378897.969 4657505.899 0.0)",315
"POINT (378942.259 4657524.389 0.0)",316
"POINT (378944.079 4657540.939 0.0)",317
"POINT (378981.919 4657553.749 0.0)",318
"POINT (378958.459 4657545.579 0.0)",319
"POINT (378858.349 4657487.959 0.0)",320
"POINT (378873.809 4657488.449 0.0)",321
"POINT (378834.789 4657472.699 0.0)",322
"POINT (378792.519 4657485.719 0.0)",323
"POINT (378805.579 4657479.469 0.0)",324
"POINT (378841.649 4657457.319 0.0)",325
"POINT (378852.009 4657464.169 0.0)",326
"POINT (378690.759 4657487.539 0.0)",327
"POINT (378723.529 4657493.929 0.0)",328
"POINT (378748.799 4657480.369 0.0)",329
"POINT (378762.519 4657465.269 0.0)",330
"POINT (378949.089 4657609.999 0.0)",331
"POINT (378961.819 4657574.309 0.0)",332
"POINT (378991.119 4657563.749 0.0)",333
"POINT (378975.529 4657565.969 0.0)",334
"POINT (378914.189 4657518.569 0.0)",335
"POINT (378929.779 4657519.489 0.0)",336
"POINT (378889.319 4657489.649 0.0)",337
"POINT (378901.589 4657490.249 0.0)",338
"POINT (378961.849 4657501.769 0.0)",339
"POINT (378956.799 4657529.559 0.0)",340
"POINT (379026.909 4657559.999 0.0)",341
"POINT (379001.799 4657561.949 0.0)",342
"POINT (378995.899 4657551.749 0.0)",343
"POINT (378987.409 4657543.259 0.0)",344
"POINT (378998.279 4657539.059 0.0)",345
"POINT (378973.319 4657538.109 0.0)",346
"POINT (378866.809 4657472.109 0.0)",347
"POINT (378883.469 4657474.079 0.0)",348
"POINT (378827.639 4657457.889 0.0)",349
"POINT (378810.819 4657464.289 0.0)",350
"POINT (378788.069 4657464.559 0.0)",351
"POINT (378802.619 4657450.229 0.0)",352
"POINT (378835.239 4657444.899 0.0)",353
"POINT (378865.669 4657453.589 0.0)",354
"POINT (378851.649 4657448.829 0.0)",355
"POINT (378676.529 4657461.329 0.0)",356
"POINT (378702.849 4657457.949 0.0)",357
"POINT (378720.379 4657467.599 0.0)",358
"POINT (378746.269 4657450.839 0.0)",359
"POINT (378769.119 4657445.359 0.0)",360
"POINT (378943.689 4657627.499 0.0)",361
"POINT (378959.609 4657624.229 0.0)",362
"POINT (378955.409 4657591.499 0.0)",363
"POINT (378963.559 4657609.479 0.0)",364
"POINT (378972.999 4657583.149 0.0)",365
"POINT (379027.809 4657570.999 0.0)",366
"POINT (379013.329 4657569.029 0.0)",367
"POINT (379000.109 4657572.199 0.0)",368
"POINT (378989.259 4657579.039 0.0)",369
"POINT (378660.549 4657436.089 0.0)",370
"POINT (378911.749 4657498.599 0.0)",371
"POINT (378926.939 4657504.739 0.0)",372
"POINT (378940.389 4657508.279 0.0)",373
"POINT (378956.359 4657512.849 0.0)",374
"POINT (378897.179 4657476.329 0.0)",375
"POINT (378911.769 4657480.749 0.0)",376
"POINT (378965.009 4657489.809 0.0)",377
"POINT (378968.369 4657521.749 0.0)",378
"POINT (378980.129 4657522.039 0.0)",379
"POINT (379011.219 4657550.889 0.0)",380
"POINT (379024.999 4657544.999 0.0)",381
"POINT (379023.499 4657531.999 0.0)",382
"POINT (378986.919 4657532.829 0.0)",383
"POINT (378878.439 4657457.769 0.0)",384
"POINT (378877.079 4657441.629 0.0)",385
"POINT (378893.849 4657459.809 0.0)",386
"POINT (378815.689 4657450.229 0.0)",387
"POINT (378789.619 4657441.199 0.0)",388
"POINT (378820.679 4657435.759 0.0)",389
"POINT (378835.749 4657429.489 0.0)",390
"POINT (378849.439 4657432.909 0.0)",391
"POINT (378863.679 4657438.239 0.0)",392
"POINT (378690.409 4657431.819 0.0)",393
"POINT (378722.659 4657438.349 0.0)",394
"POINT (378776.519 4657426.959 0.0)",395
"POINT (378731.039 4657415.519 0.0)",396
"POINT (378751.519 4657426.489 0.0)",397
"POINT (378950.809 4657639.999 0.0)",398
"POINT (378968.679 4657638.019 0.0)",399
"POINT (378976.949 4657619.249 0.0)",400
"POINT (378973.109 4657600.159 0.0)",401
"POINT (378983.269 4657591.599 0.0)",402
"POINT (378996.439 4657593.599 0.0)",403
"POINT (379019.019 4657578.859 0.0)",404
"POINT (379009.509 4657593.209 0.0)",405
"POINT (379028.999 4657581.499 0.0)",406
"POINT (379006.109 4657583.079 0.0)",407
"POINT (378671.589 4657414.679 0.0)",408
"POINT (378646.079 4657409.959 0.0)",409
"POINT (378925.399 4657488.069 0.0)",410
"POINT (378938.889 4657492.869 0.0)",411
"POINT (378952.249 4657497.999 0.0)",412
"POINT (378911.569 4657462.879 0.0)",413
"POINT (378925.809 4657471.449 0.0)",414
"POINT (378962.219 4657475.619 0.0)",415
"POINT (378979.929 4657490.399 0.0)",416
"POINT (378988.639 4657512.609 0.0)",417
"POINT (378973.779 4657506.419 0.0)",418
"POINT (379012.309 4657533.149 0.0)",419
"POINT (378996.319 4657524.069 0.0)",420
"POINT (378875.589 4657425.929 0.0)",421
"POINT (378888.929 4657429.649 0.0)",422
"POINT (378890.179 4657444.599 0.0)",423
"POINT (378807.709 4657430.629 0.0)",424
"POINT (378813.429 4657414.999 0.0)",425
"POINT (378792.809 4657424.019 0.0)",426
"POINT (378826.189 4657419.819 0.0)",427
"POINT (378847.849 4657417.499 0.0)",428
"POINT (378847.579 4657399.399 0.0)",429
"POINT (378876.799 4657412.239 0.0)",430
"POINT (378862.469 4657421.669 0.0)",431
"POINT (378711.469 4657412.679 0.0)",432
"POINT (378782.299 4657410.279 0.0)",433
"POINT (378766.139 4657412.239 0.0)",434
"POINT (378724.839 4657399.059 0.0)",435
"POINT (378747.589 4657401.409 0.0)",436
"POINT (378995.049 4657643.279 0.0)",437
"POINT (378975.729 4657655.289 0.0)",438
"POINT (378960.409 4657657.499 0.0)",439
"POINT (378986.479 4657636.269 0.0)",440
"POINT (379003.779 4657603.749 0.0)",441
"POINT (378989.529 4657606.129 0.0)",442
"POINT (379019.299 4657588.539 0.0)",443
"POINT (378687.189 4657401.649 0.0)",444
"POINT (378633.989 4657382.649 0.0)",445
"POINT (378660.199 4657390.779 0.0)",446
"POINT (378940.279 4657476.439 0.0)",447
"POINT (378938.319 4657459.729 0.0)",448
"POINT (378952.159 4657482.239 0.0)",449
"POINT (378926.769 4657457.619 0.0)",450
"POINT (378905.629 4657446.679 0.0)",451
"POINT (378974.009 4657474.469 0.0)",452
"POINT (378965.879 4657464.009 0.0)",453
"POINT (378983.299 4657467.529 0.0)",454
"POINT (378986.139 4657477.929 0.0)",455
"POINT (379001.059 4657509.699 0.0)",456
"POINT (378991.059 4657499.989 0.0)",457
"POINT (379010.339 4657520.929 0.0)",458
"POINT (379022.189 4657522.999 0.0)",459
"POINT (378887.159 4657418.319 0.0)",460
"POINT (378902.429 4657431.469 0.0)",461
"POINT (378801.049 4657409.439 0.0)",462
"POINT (378815.609 4657380.999 0.0)",463
"POINT (378789.299 4657393.849 0.0)",464
"POINT (378831.359 4657404.859 0.0)",465
"POINT (378860.759 4657390.629 0.0)",466
"POINT (378863.139 4657404.229 0.0)",467
"POINT (378702.849 4657386.779 0.0)",468
"POINT (378770.669 4657396.209 0.0)",469
"POINT (378730.379 4657378.509 0.0)",470
"POINT (378757.999 4657381.129 0.0)",471
"POINT (378985.069 4657665.589 0.0)",472
"POINT (378986.369 4657654.559 0.0)",473
"POINT (379007.659 4657645.059 0.0)",474
"POINT (378967.809 4657675.999 0.0)",475
"POINT (378996.739 4657619.399 0.0)",476
"POINT (379014.759 4657636.529 0.0)",477
"POINT (379003.489 4657632.259 0.0)",478
"POINT (379016.829 4657601.439 0.0)",479
"POINT (379010.499 4657611.009 0.0)",480
"POINT (379031.009 4657596.579 0.0)",481
"POINT (378677.469 4657370.689 0.0)",482
"POINT (378649.069 4657361.529 0.0)",483
"POINT (378917.369 4657434.839 0.0)",484
"POINT (378953.979 4657463.809 0.0)",485
"POINT (378919.079 4657448.339 0.0)",486
"POINT (378975.249 4657459.239 0.0)",487
"POINT (378963.649 4657451.799 0.0)",488
"POINT (378989.219 4657455.119 0.0)",489
"POINT (379004.599 4657463.119 0.0)",490
"POINT (379015.169 4657458.089 0.0)",491
"POINT (378995.589 4657471.219 0.0)",492
"POINT (378997.879 4657486.009 0.0)",493
"POINT (379008.419 4657499.229 0.0)",494
"POINT (379015.669 4657510.909 0.0)",495
"POINT (378899.799 4657418.089 0.0)",496
"POINT (378890.809 4657404.909 0.0)",497
"POINT (378914.119 4657418.809 0.0)",498
"POINT (378818.749 4657400.129 0.0)",499
"POINT (378803.319 4657392.869 0.0)",500
"POINT (378847.919 4657387.469 0.0)",501
"POINT (378836.019 4657391.379 0.0)",502
"POINT (378876.339 4657396.089 0.0)",503
"POINT (378687.509 4657347.199 0.0)",504
"POINT (378727.479 4657351.599 0.0)",505
"POINT (378704.009 4657361.349 0.0)",506
"POINT (378769.329 4657362.639 0.0)",507
"POINT (378779.149 4657380.369 0.0)",508
"POINT (378748.919 4657361.289 0.0)",509
"POINT (378973.499 4657694.999 0.0)",510
"POINT (378978.589 4657714.499 0.0)",511
"POINT (379002.689 4657661.269 0.0)",512
"POINT (379022.329 4657651.959 0.0)",513
"POINT (378992.729 4657680.829 0.0)",514
"POINT (379024.939 4657604.469 0.0)",515
"POINT (379011.279 4657622.289 0.0)",516
"POINT (379018.779 4657612.529 0.0)",517
"POINT (379039.339 4657602.459 0.0)",518
"POINT (379037.999 4657587.499 0.0)",519
"POINT (378621.649 4657355.449 0.0)",520
"POINT (378664.999 4657341.189 0.0)",521
"POINT (378929.949 4657421.189 0.0)",522
"POINT (378950.049 4657446.459 0.0)",523
"POINT (378933.019 4657442.569 0.0)",524
"POINT (378975.089 4657444.959 0.0)",525
"POINT (378999.159 4657452.159 0.0)",526
"POINT (378984.379 4657440.399 0.0)",527
"POINT (379010.899 4657475.829 0.0)",528
"POINT (379023.429 4657501.089 0.0)",529
"POINT (379016.859 4657487.849 0.0)",530
"POINT (379039.309 4657539.499 0.0)",531
"POINT (379041.589 4657553.999 0.0)",532
"POINT (379037.499 4657527.499 0.0)",533
"POINT (379036.409 4657519.499 0.0)",534
"POINT (379028.589 4657511.499 0.0)",535
"POINT (378889.129 4657388.799 0.0)",536
"POINT (378899.889 4657394.289 0.0)",537
"POINT (378908.029 4657404.919 0.0)",538
"POINT (378827.469 4657385.269 0.0)",539
"POINT (378798.169 4657375.009 0.0)",540
"POINT (378840.329 4657378.919 0.0)",541
"POINT (378861.649 4657363.269 0.0)",542
"POINT (378854.889 4657377.029 0.0)",543
"POINT (378874.909 4657377.099 0.0)",544
"POINT (378874.299 4657360.399 0.0)",545
"POINT (378889.589 4657375.539 0.0)",546
"POINT (378707.369 4657337.309 0.0)",547
"POINT (378685.229 4657324.979 0.0)",548
"POINT (378801.819 4657352.749 0.0)",549
"POINT (378784.959 4657364.079 0.0)",550
"POINT (378744.519 4657342.399 0.0)",551
"POINT (378763.059 4657345.569 0.0)",552
"POINT (378729.679 4657328.739 0.0)",553
"POINT (379004.149 4657706.219 0.0)",554
"POINT (378982.999 4657731.499 0.0)",555
"POINT (378995.409 4657779.999 0.0)",556
"POINT (379042.589 4657564.999 0.0)",557
"POINT (379043.089 4657578.999 0.0)",558
"POINT (379023.619 4657677.079 0.0)",559
"POINT (379031.719 4657613.239 0.0)",560
"POINT (379027.219 4657628.939 0.0)",561
"POINT (379036.309 4657661.049 0.0)",562
"POINT (379048.569 4657590.599 0.0)",563
"POINT (379076.909 4657875.579 0.0)",564
"POINT (378638.399 4657333.579 0.0)",565
"POINT (378593.679 4657303.079 0.0)",566
"POINT (378608.619 4657328.909 0.0)",567
"POINT (378657.769 4657312.249 0.0)",568
"POINT (378605.479 4657280.189 0.0)",569
"POINT (378580.479 4657276.609 0.0)",570
"POINT (378569.089 4657249.029 0.0)",571
"POINT (378947.569 4657429.879 0.0)",572
"POINT (378962.799 4657436.219 0.0)",573
"POINT (378975.629 4657430.599 0.0)",574
"POINT (378988.149 4657429.969 0.0)",575
"POINT (378995.459 4657414.229 0.0)",576
"POINT (378993.789 4657441.329 0.0)",577
"POINT (379023.849 4657472.819 0.0)",578
"POINT (379032.549 4657485.059 0.0)",579
"POINT (379057.249 4657542.739 0.0)",580
"POINT (379058.349 4657561.089 0.0)",581
"POINT (379064.309 4657528.909 0.0)",582
"POINT (379048.939 4657525.749 0.0)",583
"POINT (379039.899 4657497.609 0.0)",584
"POINT (379046.169 4657510.249 0.0)",585
"POINT (378945.719 4657409.059 0.0)",586
"POINT (378899.939 4657382.269 0.0)",587
"POINT (378911.529 4657390.539 0.0)",588
"POINT (378924.849 4657403.459 0.0)",589
"POINT (378939.679 4657393.539 0.0)",590
"POINT (378829.149 4657370.559 0.0)",591
"POINT (378816.789 4657362.159 0.0)",592
"POINT (378845.319 4657364.469 0.0)",593
"POINT (378867.709 4657352.019 0.0)",594
"POINT (378898.739 4657366.759 0.0)",595
"POINT (378886.769 4657363.249 0.0)",596
"POINT (378683.359 4657296.469 0.0)",597
"POINT (378709.779 4657310.899 0.0)",598
"POINT (378783.659 4657344.639 0.0)",599
"POINT (378752.979 4657325.679 0.0)",600
"POINT (378770.619 4657330.169 0.0)",601
"POINT (378735.869 4657302.969 0.0)",602
"POINT (379014.499 4657825.999 0.0)",603
"POINT (379045.859 4657702.759 0.0)",604
"POINT (379077.819 4657695.669 0.0)",605
"POINT (379025.969 4657738.119 0.0)",606
"POINT (379044.169 4657776.349 0.0)",607
"POINT (379056.439 4657576.979 0.0)",608
"POINT (379055.299 4657669.619 0.0)",609
"POINT (379047.669 4657620.499 0.0)",610
"POINT (379043.999 4657645.549 0.0)",611
"POINT (379053.489 4657604.339 0.0)",612
"POINT (379065.169 4657592.029 0.0)",613
"POINT (379033.499 4657871.999 0.0)",614
"POINT (379113.119 4657966.499 0.0)",615
"POINT (381310.909 4661011.499 0.0)",616
"POINT (381187.099 4660879.999 0.0)",617
"POINT (381051.599 4660737.499 0.0)",618
"POINT (380923.409 4660585.499 0.0)",619
"POINT (378626.899 4657299.659 0.0)",620
"POINT (378653.799 4657280.959 0.0)",621
"POINT (378598.249 4657256.669 0.0)",622
"POINT (378589.119 4657226.309 0.0)",623
"POINT (378542.729 4657195.759 0.0)",624
"POINT (378557.929 4657179.209 0.0)",625
"POINT (378556.849 4657222.089 0.0)",626
"POINT (378963.289 4657418.089 0.0)",627
"POINT (378959.609 4657404.889 0.0)",628
"POINT (378980.789 4657415.139 0.0)",629
"POINT (379009.689 4657443.439 0.0)",630
"POINT (379002.569 4657429.369 0.0)",631
"POINT (379023.849 4657445.619 0.0)",632
"POINT (379038.339 4657470.799 0.0)",633
"POINT (379033.119 4657458.069 0.0)",634
"POINT (379049.349 4657480.799 0.0)",635
"POINT (379077.219 4657554.909 0.0)",636
"POINT (379079.359 4657523.929 0.0)",637
"POINT (379073.559 4657537.779 0.0)",638
"POINT (379062.429 4657514.339 0.0)",639
"POINT (379059.309 4657496.969 0.0)",640
"POINT (378945.489 4657381.879 0.0)",641
"POINT (378956.279 4657392.659 0.0)",642
"POINT (378908.959 4657354.569 0.0)",643
"POINT (378912.629 4657373.789 0.0)",644
"POINT (378929.109 4657381.319 0.0)",645
"POINT (378850.079 4657350.689 0.0)",646
"POINT (378819.269 4657343.279 0.0)",647
"POINT (378833.809 4657351.769 0.0)",648
"POINT (378868.289 4657338.799 0.0)",649
"POINT (378881.859 4657344.069 0.0)",650
"POINT (378895.669 4657349.419 0.0)",651
"POINT (378683.899 4657267.199 0.0)",652
"POINT (378709.149 4657285.369 0.0)",653
"POINT (378802.749 4657332.909 0.0)",654
"POINT (378785.439 4657322.379 0.0)",655
"POINT (378762.809 4657307.649 0.0)",656
"POINT (378804.739 4657312.089 0.0)",657
"POINT (378729.649 4657277.299 0.0)",658
"POINT (378733.569 4657259.319 0.0)",659
"POINT (378748.349 4657288.479 0.0)",660
"POINT (379066.219 4657828.019 0.0)",661
"POINT (379082.099 4657667.309 0.0)",662
"POINT (379069.319 4657735.909 0.0)",663
"POINT (379080.499 4657576.259 0.0)",664
"POINT (379069.749 4657641.379 0.0)",665
"POINT (379070.359 4657613.369 0.0)",666
"POINT (379087.919 4657599.849 0.0)",667
"POINT (379055.499 4657916.999 0.0)",668
"POINT (379077.689 4657961.999 0.0)",669
"POINT (379138.219 4657995.199 0.0)",670
"POINT (379102.089 4658005.499 0.0)",671
"POINT (380814.309 4660417.999 0.0)",672
"POINT (381535.599 4660812.499 0.0)",673
"POINT (381235.919 4660636.539 0.0)",674
"POINT (381024.959 4660477.619 0.0)",675
"POINT (381733.259 4660342.039 0.0)",676
"POINT (381760.409 4660613.999 0.0)",677
"POINT (378540.549 4657142.719 0.0)",678
"POINT (378658.199 4657251.629 0.0)",679
"POINT (378628.069 4657264.949 0.0)",680
"POINT (378610.619 4657241.199 0.0)",681
"POINT (378529.999 4657168.739 0.0)",682
"POINT (378571.969 4657200.079 0.0)",683
"POINT (378966.859 4657387.059 0.0)",684
"POINT (378973.159 4657399.759 0.0)",685
"POINT (379022.499 4657428.979 0.0)",686
"POINT (379009.469 4657416.689 0.0)",687
"POINT (379038.769 4657439.529 0.0)",688
"POINT (379053.099 4657458.689 0.0)",689
"POINT (379071.509 4657477.199 0.0)",690
"POINT (379101.539 4657566.019 0.0)",691
"POINT (379090.429 4657540.959 0.0)",692
"POINT (379083.759 4657500.479 0.0)",693
"POINT (378960.699 4657374.629 0.0)",694
"POINT (378924.899 4657360.749 0.0)",695
"POINT (378961.279 4657358.219 0.0)",696
"POINT (378941.659 4657367.249 0.0)",697
"POINT (378855.859 4657333.979 0.0)",698
"POINT (378863.079 4657323.129 0.0)",699
"POINT (378838.579 4657335.269 0.0)",700
"POINT (378879.899 4657321.809 0.0)",701
"POINT (378921.679 4657340.479 0.0)",702
"POINT (378899.309 4657334.359 0.0)",703
"POINT (378712.249 4657257.389 0.0)",704
"POINT (378821.589 4657322.299 0.0)",705
"POINT (378785.699 4657300.629 0.0)",706
"POINT (378747.029 4657270.149 0.0)",707
"POINT (378766.399 4657284.349 0.0)",708
"POINT (378713.199 4657235.489 0.0)",709
"POINT (378687.989 4657237.609 0.0)",710
"POINT (379105.289 4657783.129 0.0)",711
"POINT (379099.739 4657652.039 0.0)",712
"POINT (379108.639 4657684.009 0.0)",713
"POINT (379112.149 4657723.919 0.0)",714
"POINT (379105.449 4657595.269 0.0)",715
"POINT (379123.869 4657639.759 0.0)",716
"POINT (379129.149 4657577.339 0.0)",717
"POINT (379098.159 4657622.109 0.0)",718
"POINT (379112.789 4657913.849 0.0)",719
"POINT (379116.529 4657847.009 0.0)",720
"POINT (379159.479 4657809.409 0.0)",721
"POINT (379156.049 4657950.319 0.0)",722
"POINT (379139.309 4658088.999 0.0)",723
"POINT (379217.659 4658123.199 0.0)",724
"POINT (379122.409 4658050.999 0.0)",725
"POINT (379254.689 4658365.999 0.0)",726
"POINT (380700.189 4660253.499 0.0)",727
"POINT (380964.419 4660286.679 0.0)",728
"POINT (381451.129 4660524.549 0.0)",729
"POINT (381165.119 4660387.069 0.0)",730
"POINT (381985.099 4660414.999 0.0)",731
"POINT (382143.659 4659974.059 0.0)",732
"POINT (382209.909 4660216.499 0.0)",733
"POINT (378517.459 4657141.629 0.0)",734
"POINT (378661.419 4657228.559 0.0)",735
"POINT (378680.059 4657207.289 0.0)",736
"POINT (378637.589 4657234.989 0.0)",737
"POINT (378619.519 4657215.859 0.0)",738
"POINT (378601.309 4657194.899 0.0)",739
"POINT (378561.429 4657157.369 0.0)",740
"POINT (378560.569 4657129.629 0.0)",741
"POINT (378583.539 4657174.079 0.0)",742
"POINT (378985.899 4657395.629 0.0)",743
"POINT (379007.259 4657401.119 0.0)",744
"POINT (379045.049 4657421.659 0.0)",745
"POINT (379025.939 4657409.219 0.0)",746
"POINT (379059.859 4657436.809 0.0)",747
"POINT (379076.409 4657454.179 0.0)",748
"POINT (379097.539 4657474.229 0.0)",749
"POINT (379103.149 4657520.509 0.0)",750
"POINT (379119.359 4657548.019 0.0)",751
"POINT (379117.439 4657496.809 0.0)",752
"POINT (378979.629 4657372.969 0.0)",753
"POINT (378977.139 4657352.199 0.0)",754
"POINT (378943.519 4657346.419 0.0)",755
"POINT (378845.449 4657315.389 0.0)",756
"POINT (378864.349 4657306.829 0.0)",757
"POINT (378881.939 4657300.469 0.0)",758
"POINT (378895.779 4657312.299 0.0)",759
"POINT (378913.959 4657316.119 0.0)",760
"POINT (378730.699 4657242.459 0.0)",761
"POINT (378748.319 4657250.529 0.0)",762
"POINT (378826.019 4657302.089 0.0)",763
"POINT (378806.609 4657289.699 0.0)",764
"POINT (378787.059 4657275.009 0.0)",765
"POINT (378809.639 4657263.859 0.0)",766
"POINT (378767.119 4657261.639 0.0)",767
"POINT (378728.099 4657223.019 0.0)",768
"POINT (378706.939 4657216.979 0.0)",769
"POINT (379152.389 4657749.969 0.0)",770
"POINT (379206.379 4657824.819 0.0)",771
"POINT (379133.649 4657664.549 0.0)",772
"POINT (379146.349 4657700.589 0.0)",773
"POINT (379134.819 4657613.239 0.0)",774
"POINT (379150.229 4657642.259 0.0)",775
"POINT (379171.879 4657880.969 0.0)",776
"POINT (379224.569 4657935.369 0.0)",777
"POINT (379174.999 4658182.499 0.0)",778
"POINT (379327.659 4658321.209 0.0)",779
"POINT (379212.689 4658274.999 0.0)",780
"POINT (379194.119 4658025.199 0.0)",781
"POINT (379372.809 4658519.999 0.0)",782
"POINT (379307.909 4658444.999 0.0)",783
"POINT (379473.599 4658522.679 0.0)",784
"POINT (379434.809 4658593.499 0.0)",785
"POINT (379553.409 4658753.999 0.0)",786
"POINT (379491.499 4658675.499 0.0)",787
"POINT (379620.189 4658827.999 0.0)",788
"POINT (379696.499 4658892.499 0.0)",789
"POINT (380579.409 4660094.499 0.0)",790
"POINT (380725.889 4660103.569 0.0)",791
"POINT (380497.809 4659912.999 0.0)",792
"POINT (380609.279 4659762.189 0.0)",793
"POINT (380398.689 4659739.999 0.0)",794
"POINT (381110.159 4660118.029 0.0)",795
"POINT (380879.449 4660109.029 0.0)",796
"POINT (381550.389 4660198.039 0.0)",797
"POINT (381318.309 4660193.919 0.0)",798
"POINT (381773.979 4660145.789 0.0)",799
"POINT (381957.159 4660191.389 0.0)",800
"POINT (382434.599 4660017.499 0.0)",801
"POINT (379844.809 4659009.499 0.0)",802
"POINT (379772.089 4658942.499 0.0)",803
"POINT (379903.309 4659047.499 0.0)",804
"POINT (379963.309 4659082.499 0.0)",805
"POINT (378504.829 4657114.559 0.0)",806
"POINT (378517.439 4657088.879 0.0)",807
"POINT (378534.809 4657115.349 0.0)",808
"POINT (378649.759 4657209.709 0.0)",809
"POINT (378635.149 4657188.119 0.0)",810
"POINT (378614.409 4657164.649 0.0)",811
"POINT (378590.589 4657141.719 0.0)",812
"POINT (379105.579 4657446.289 0.0)",813
"POINT (379001.169 4657381.269 0.0)",814
"POINT (379025.409 4657388.209 0.0)",815
"POINT (379065.219 4657411.549 0.0)",816
"POINT (379043.999 4657374.509 0.0)",817
"POINT (379046.899 4657398.009 0.0)",818
"POINT (379084.999 4657427.779 0.0)",819
"POINT (379124.589 4657472.019 0.0)",820
"POINT (379148.859 4657493.279 0.0)",821
"POINT (379136.169 4657520.359 0.0)",822
"POINT (379151.879 4657550.659 0.0)",823
"POINT (378995.889 4657357.589 0.0)",824
"POINT (378940.109 4657324.349 0.0)",825
"POINT (378962.869 4657337.549 0.0)",826
"POINT (378933.419 4657299.469 0.0)",827
"POINT (378867.759 4657290.099 0.0)",828
"POINT (378848.939 4657293.609 0.0)",829
"POINT (378905.009 4657293.099 0.0)",830
"POINT (378747.169 4657230.469 0.0)",831
"POINT (378767.049 4657239.089 0.0)",832
"POINT (378832.529 4657279.369 0.0)",833
"POINT (378788.359 4657250.719 0.0)",834
"POINT (378704.709 4657194.309 0.0)",835
"POINT (378744.129 4657210.469 0.0)",836
"POINT (378724.719 4657203.549 0.0)",837
"POINT (379193.469 4657715.949 0.0)",838
"POINT (379204.279 4657770.759 0.0)",839
"POINT (379165.089 4657586.289 0.0)",840
"POINT (379180.429 4657669.469 0.0)",841
"POINT (379225.179 4657687.709 0.0)",842
"POINT (379178.399 4657624.289 0.0)",843
"POINT (379285.109 4657996.999 0.0)",844
"POINT (379247.229 4657861.949 0.0)",845
"POINT (379257.299 4657801.349 0.0)",846
"POINT (379304.649 4657915.789 0.0)",847
"POINT (379281.719 4658198.339 0.0)",848
"POINT (379291.669 4658092.669 0.0)",849
"POINT (379421.989 4658418.099 0.0)",850
"POINT (379557.889 4658578.159 0.0)",851
"POINT (379665.469 4658616.469 0.0)",852
"POINT (379616.189 4658705.549 0.0)",853
"POINT (379689.469 4658793.939 0.0)",854
"POINT (379772.219 4658833.629 0.0)",855
"POINT (380744.519 4659957.249 0.0)",856
"POINT (380320.089 4659555.999 0.0)",857
"POINT (380238.499 4659373.999 0.0)",858
"POINT (380484.399 4659591.459 0.0)",859
"POINT (381028.659 4659930.569 0.0)",860
"POINT (381661.289 4659979.989 0.0)",861
"POINT (381458.329 4660018.849 0.0)",862
"POINT (381253.299 4659953.549 0.0)",863
"POINT (381886.929 4659958.799 0.0)",864
"POINT (382353.009 4659749.459 0.0)",865
"POINT (383108.809 4659421.499 0.0)",866
"POINT (382884.099 4659620.499 0.0)",867
"POINT (382659.309 4659818.999 0.0)",868
"POINT (379883.679 4658915.129 0.0)",869
"POINT (380030.589 4659043.999 0.0)",870
"POINT (380129.589 4659210.499 0.0)",871
"POINT (378449.609 4657008.589 0.0)",872
"POINT (378463.409 4657035.079 0.0)",873
"POINT (378477.219 4657061.579 0.0)",874
"POINT (378491.019 4657088.069 0.0)",875
"POINT (378581.359 4657111.279 0.0)",876
"POINT (378544.519 4657085.069 0.0)",877
"POINT (378558.279 4657104.959 0.0)",878
"POINT (378594.789 4657089.739 0.0)",879
"POINT (378661.489 4657183.709 0.0)",880
"POINT (378607.199 4657111.339 0.0)",881
"POINT (378645.939 4657160.659 0.0)",882
"POINT (378626.239 4657136.959 0.0)",883
"POINT (378687.859 4657178.759 0.0)",884
"POINT (379136.559 4657438.959 0.0)",885
"POINT (379011.809 4657340.919 0.0)",886
"POINT (379059.389 4657363.329 0.0)",887
"POINT (379020.809 4657367.319 0.0)",888
"POINT (379068.989 4657382.249 0.0)",889
"POINT (379085.529 4657402.799 0.0)",890
"POINT (379113.399 4657410.589 0.0)",891
"POINT (379158.729 4657463.239 0.0)",892
"POINT (379174.289 4657519.169 0.0)",893
"POINT (379189.089 4657486.009 0.0)",894
"POINT (379189.069 4657548.509 0.0)",895
"POINT (378986.019 4657334.689 0.0)",896
"POINT (378966.449 4657308.929 0.0)",897
"POINT (378926.979 4657271.119 0.0)",898
"POINT (378954.469 4657281.509 0.0)",899
"POINT (378860.079 4657270.469 0.0)",900
"POINT (378883.509 4657279.139 0.0)",901
"POINT (378902.489 4657268.629 0.0)",902
"POINT (378764.839 4657217.149 0.0)",903
"POINT (378787.119 4657225.289 0.0)",904
"POINT (378836.469 4657253.149 0.0)",905
"POINT (378810.219 4657237.239 0.0)",906
"POINT (378708.419 4657174.529 0.0)",907
"POINT (378724.729 4657183.679 0.0)",908
"POINT (378739.689 4657192.859 0.0)",909
"POINT (378757.529 4657194.709 0.0)",910
"POINT (379260.659 4657678.769 0.0)",911
"POINT (379252.659 4657733.099 0.0)",912
"POINT (379242.439 4657547.489 0.0)",913
"POINT (379210.809 4657583.849 0.0)",914
"POINT (379227.259 4657637.679 0.0)",915
"POINT (379357.759 4657967.999 0.0)",916
"POINT (379325.249 4657841.569 0.0)",917
"POINT (379326.659 4657766.869 0.0)",918
"POINT (379369.519 4658044.489 0.0)",919
"POINT (379439.119 4657996.219 0.0)",920
"POINT (379377.929 4658239.169 0.0)",921
"POINT (379425.489 4658311.299 0.0)",922
"POINT (379383.969 4658160.739 0.0)",923
"POINT (379547.959 4658467.579 0.0)",924
"POINT (379519.459 4658347.949 0.0)",925
"POINT (379681.799 4658514.319 0.0)",926
"POINT (379761.989 4658602.399 0.0)",927
"POINT (379742.229 4658710.029 0.0)",928
"POINT (380846.639 4659758.529 0.0)",929
"POINT (380683.629 4659612.899 0.0)",930
"POINT (380390.889 4659410.439 0.0)",931
"POINT (380282.609 4659236.359 0.0)",932
"POINT (380559.779 4659450.329 0.0)",933
"POINT (381161.759 4659700.829 0.0)",934
"POINT (381475.919 4659780.059 0.0)",935
"POINT (381760.169 4659794.739 0.0)",936
"POINT (383390.909 4659171.999 0.0)",937
"POINT (383013.679 4659123.929 0.0)",938
"POINT (382020.379 4659710.699 0.0)",939
"POINT (382273.649 4659472.609 0.0)",940
"POINT (382791.599 4659318.079 0.0)",941
"POINT (382581.519 4659546.769 0.0)",942
"POINT (379888.049 4658782.839 0.0)",943
"POINT (380001.549 4658862.359 0.0)",944
"POINT (380228.029 4659053.779 0.0)",945
"POINT (380382.179 4659095.699 0.0)",946
"POINT (378490.139 4657038.919 0.0)",947
"POINT (378496.489 4656992.029 0.0)",948
"POINT (378483.349 4657017.429 0.0)",949
"POINT (378509.289 4657058.709 0.0)",950
"POINT (378531.579 4657066.839 0.0)",951
"POINT (378571.699 4657082.589 0.0)",952
"POINT (378466.749 4656986.159 0.0)",953
"POINT (378425.229 4656956.349 0.0)",954
"POINT (378439.179 4656980.659 0.0)",955
"POINT (378436.859 4656940.289 0.0)",956
"POINT (378416.589 4656928.779 0.0)",957
"POINT (378403.699 4656901.879 0.0)",958
"POINT (378593.939 4657067.549 0.0)",959
"POINT (378616.549 4657077.429 0.0)",960
"POINT (378673.729 4657156.839 0.0)",961
"POINT (378642.609 4657077.509 0.0)",962
"POINT (378639.659 4657105.669 0.0)",963
"POINT (378659.579 4657133.429 0.0)",964
"POINT (378698.749 4657155.859 0.0)",965
"POINT (379146.629 4657406.719 0.0)",966
"POINT (379044.659 4657347.279 0.0)",967
"POINT (379101.039 4657374.539 0.0)",968
"POINT (379132.759 4657375.819 0.0)",969
"POINT (379225.519 4657475.039 0.0)",970
"POINT (379170.449 4657430.829 0.0)",971
"POINT (379177.279 4657401.369 0.0)",972
"POINT (379197.349 4657452.619 0.0)",973
"POINT (379215.839 4657512.769 0.0)",974
"POINT (378999.779 4657312.629 0.0)",975
"POINT (379031.859 4657317.729 0.0)",976
"POINT (378986.529 4657288.339 0.0)",977
"POINT (378975.979 4657257.169 0.0)",978
"POINT (378945.429 4657248.949 0.0)",979
"POINT (378886.369 4657254.679 0.0)",980
"POINT (378860.739 4657238.489 0.0)",981
"POINT (378914.279 4657241.849 0.0)",982
"POINT (378781.829 4657198.869 0.0)",983
"POINT (378806.959 4657208.449 0.0)",984
"POINT (378834.729 4657222.919 0.0)",985
"POINT (378724.679 4657161.039 0.0)",986
"POINT (378744.779 4657175.169 0.0)",987
"POINT (378770.819 4657172.309 0.0)",988
"POINT (379389.679 4657724.029 0.0)",989
"POINT (379310.169 4657697.019 0.0)",990
"POINT (379265.049 4657584.149 0.0)",991
"POINT (379288.049 4657638.359 0.0)",992
"POINT (379394.819 4657901.829 0.0)",993
"POINT (379422.299 4657804.459 0.0)",994
"POINT (379456.909 4657736.709 0.0)",995
"POINT (379470.689 4658102.799 0.0)",996
"POINT (379552.709 4658018.909 0.0)",997
"POINT (379480.429 4658230.059 0.0)",998
"POINT (379764.799 4658403.879 0.0)",999
"POINT (379588.429 4658279.959 0.0)",1000
"POINT (379641.259 4658385.119 0.0)",1001
"POINT (379824.819 4658524.779 0.0)",1002
"POINT (379893.619 4658411.499 0.0)",1003
"POINT (379861.259 4658647.369 0.0)",1004
"POINT (380895.359 4659570.329 0.0)",1005
"POINT (380727.759 4659461.529 0.0)",1006
"POINT (380487.229 4659236.939 0.0)",1007
"POINT (380650.059 4659327.669 0.0)",1008
"POINT (381129.469 4659432.439 0.0)",1009
"POINT (381434.699 4659519.789 0.0)",1010
"POINT (381734.089 4659580.579 0.0)",1011
"POINT (382894.259 4658832.489 0.0)",1012
"POINT (383204.999 4658936.499 0.0)",1013
"POINT (382710.029 4659038.049 0.0)",1014
"POINT (381991.989 4659419.029 0.0)",1015
"POINT (382199.899 4659288.219 0.0)",1016
"POINT (382485.519 4659250.279 0.0)",1017
"POINT (380514.479 4659009.409 0.0)",1018
"POINT (380027.699 4658717.629 0.0)",1019
"POINT (380177.739 4658852.209 0.0)",1020
"POINT (380361.539 4658915.669 0.0)",1021
"POINT (378517.419 4657021.819 0.0)",1022
"POINT (378534.039 4657044.429 0.0)",1023
"POINT (378553.539 4657059.339 0.0)",1024
"POINT (378584.769 4657027.999 0.0)",1025
"POINT (378577.649 4657049.709 0.0)",1026
"POINT (378480.629 4656965.799 0.0)",1027
"POINT (378454.709 4656955.269 0.0)",1028
"POINT (378392.649 4656875.769 0.0)",1029
"POINT (378450.899 4656920.759 0.0)",1030
"POINT (378426.139 4656891.539 0.0)",1031
"POINT (378609.479 4657012.209 0.0)",1032
"POINT (378605.019 4657042.709 0.0)",1033
"POINT (378686.849 4657128.869 0.0)",1034
"POINT (378660.539 4657090.099 0.0)",1035
"POINT (378667.479 4657111.489 0.0)",1036
"POINT (378715.999 4657136.549 0.0)",1037
"POINT (379148.399 4657348.339 0.0)",1038
"POINT (379163.169 4657375.649 0.0)",1039
"POINT (379066.429 4657318.929 0.0)",1040
"POINT (379079.909 4657349.259 0.0)",1041
"POINT (379117.569 4657343.339 0.0)",1042
"POINT (379197.779 4657371.769 0.0)",1043
"POINT (379232.069 4657442.939 0.0)",1044
"POINT (379208.749 4657415.439 0.0)",1045
"POINT (379260.229 4657504.229 0.0)",1046
"POINT (379304.719 4657544.529 0.0)",1047
"POINT (379020.709 4657289.909 0.0)",1048
"POINT (379053.819 4657290.159 0.0)",1049
"POINT (379007.509 4657260.789 0.0)",1050
"POINT (378994.559 4657240.039 0.0)",1051
"POINT (378937.119 4657221.639 0.0)",1052
"POINT (378887.449 4657223.329 0.0)",1053
"POINT (378859.319 4657206.359 0.0)",1054
"POINT (378913.049 4657206.529 0.0)",1055
"POINT (378798.599 4657178.989 0.0)",1056
"POINT (378828.089 4657190.249 0.0)",1057
"POINT (378749.379 4657145.619 0.0)",1058
"POINT (378785.249 4657148.029 0.0)",1059
"POINT (379440.079 4657661.509 0.0)",1060
"POINT (379515.949 4657706.059 0.0)",1061
"POINT (379357.689 4657647.909 0.0)",1062
"POINT (379316.879 4657595.149 0.0)",1063
"POINT (379497.689 4657907.279 0.0)",1064
"POINT (379516.539 4657787.499 0.0)",1065
"POINT (379609.849 4658146.309 0.0)",1066
"POINT (379602.399 4657940.099 0.0)",1067
"POINT (379760.849 4658117.369 0.0)",1068
"POINT (379833.509 4658321.829 0.0)",1069
"POINT (379722.929 4658260.909 0.0)",1070
"POINT (380015.339 4658366.949 0.0)",1071
"POINT (379995.849 4658543.129 0.0)",1072
"POINT (379927.369 4658308.399 0.0)",1073
"POINT (380856.649 4659323.529 0.0)",1074
"POINT (381106.729 4659181.169 0.0)",1075
"POINT (380709.489 4659108.339 0.0)",1076
"POINT (381390.109 4659238.239 0.0)",1077
"POINT (381711.399 4659350.299 0.0)",1078
"POINT (383019.189 4658700.999 0.0)",1079
"POINT (382483.259 4658977.739 0.0)",1080
"POINT (381978.819 4659203.419 0.0)",1081
"POINT (382258.829 4659088.489 0.0)",1082
"POINT (380498.379 4658832.719 0.0)",1083
"POINT (380648.049 4658867.069 0.0)",1084
"POINT (380165.359 4658627.009 0.0)",1085
"POINT (380347.439 4658728.249 0.0)",1086
"POINT (378503.089 4656961.919 0.0)",1087
"POINT (378523.419 4656986.979 0.0)",1088
"POINT (378547.849 4657002.659 0.0)",1089
"POINT (378556.159 4657027.109 0.0)",1090
"POINT (378484.109 4656934.859 0.0)",1091
"POINT (378481.029 4656903.519 0.0)",1092
"POINT (378330.869 4656822.499 0.0)",1093
"POINT (378347.159 4656847.299 0.0)",1094
"POINT (378320.829 4656794.449 0.0)",1095
"POINT (378371.799 4656829.029 0.0)",1096
"POINT (378374.149 4656855.599 0.0)",1097
"POINT (378456.289 4656891.529 0.0)",1098
"POINT (378417.009 4656863.299 0.0)",1099
"POINT (378637.389 4657027.229 0.0)",1100
"POINT (378664.539 4657069.129 0.0)",1101
"POINT (378636.199 4657053.289 0.0)",1102
"POINT (378707.479 4657111.789 0.0)",1103
"POINT (378684.519 4657094.249 0.0)",1104
"POINT (378733.539 4657113.079 0.0)",1105
"POINT (379143.199 4657310.929 0.0)",1106
"POINT (379178.209 4657337.739 0.0)",1107
"POINT (379085.619 4657291.489 0.0)",1108
"POINT (379103.459 4657314.549 0.0)",1109
"POINT (379241.169 4657378.279 0.0)",1110
"POINT (379259.719 4657418.539 0.0)",1111
"POINT (379264.349 4657459.909 0.0)",1112
"POINT (379308.519 4657485.629 0.0)",1113
"POINT (379043.189 4657262.829 0.0)",1114
"POINT (379081.839 4657264.369 0.0)",1115
"POINT (379024.069 4657226.429 0.0)",1116
"POINT (378965.799 4657222.989 0.0)",1117
"POINT (378940.539 4657193.529 0.0)",1118
"POINT (378882.419 4657186.969 0.0)",1119
"POINT (378818.669 4657156.039 0.0)",1120
"POINT (378851.599 4657169.679 0.0)",1121
"POINT (378913.509 4657171.839 0.0)",1122
"POINT (378768.579 4657116.019 0.0)",1123
"POINT (378805.649 4657122.329 0.0)",1124
"POINT (379504.349 4657637.359 0.0)",1125
"POINT (379381.149 4657582.929 0.0)",1126
"POINT (379467.139 4657587.919 0.0)",1127
"POINT (379362.509 4657513.189 0.0)",1128
"POINT (379593.129 4657847.659 0.0)",1129
"POINT (379589.389 4657740.239 0.0)",1130
"POINT (379573.299 4657650.279 0.0)",1131
"POINT (379696.519 4658020.769 0.0)",1132
"POINT (379866.409 4658052.529 0.0)",1133
"POINT (379691.139 4657901.779 0.0)",1134
"POINT (379869.219 4658198.339 0.0)",1135
"POINT (380158.139 4658448.519 0.0)",1136
"POINT (380001.639 4658200.169 0.0)",1137
"POINT (380907.339 4659064.609 0.0)",1138
"POINT (380793.389 4658920.789 0.0)",1139
"POINT (381250.649 4659064.059 0.0)",1140
"POINT (381453.889 4658980.239 0.0)",1141
"POINT (381705.219 4659107.859 0.0)",1142
"POINT (382834.809 4658464.499 0.0)",1143
"POINT (382310.639 4658840.449 0.0)",1144
"POINT (382582.819 4658730.959 0.0)",1145
"POINT (382005.599 4658966.609 0.0)",1146
"POINT (380534.519 4658647.749 0.0)",1147
"POINT (380489.129 4658474.879 0.0)",1148
"POINT (380782.619 4658678.059 0.0)",1149
"POINT (380341.629 4658511.969 0.0)",1150
"POINT (380269.239 4658337.509 0.0)",1151
"POINT (378611.519 4656981.459 0.0)",1152
"POINT (378478.309 4656879.889 0.0)",1153
"POINT (378516.259 4656939.439 0.0)",1154
"POINT (378551.139 4656973.639 0.0)",1155
"POINT (378526.449 4656961.439 0.0)",1156
"POINT (378503.989 4656892.989 0.0)",1157
"POINT (378577.369 4656997.499 0.0)",1158
"POINT (378510.209 4656914.309 0.0)",1159
"POINT (378325.829 4656765.979 0.0)",1160
"POINT (378349.139 4656812.689 0.0)",1161
"POINT (378349.289 4656783.519 0.0)",1162
"POINT (378397.759 4656844.079 0.0)",1163
"POINT (378446.029 4656865.169 0.0)",1164
"POINT (378424.049 4656843.129 0.0)",1165
"POINT (378477.239 4656852.449 0.0)",1166
"POINT (378640.839 4656996.379 0.0)",1167
"POINT (378663.509 4657037.739 0.0)",1168
"POINT (378716.469 4657086.209 0.0)",1169
"POINT (378692.949 4657059.149 0.0)",1170
"POINT (378749.839 4657083.179 0.0)",1171
"POINT (379184.159 4657305.019 0.0)",1172
"POINT (379217.699 4657337.219 0.0)",1173
"POINT (379113.529 4657278.379 0.0)",1174
"POINT (379262.759 4657332.889 0.0)",1175
"POINT (379290.529 4657381.659 0.0)",1176
"POINT (379347.969 4657461.979 0.0)",1177
"POINT (379303.759 4657434.109 0.0)",1178
"POINT (378993.479 4657213.089 0.0)",1179
"POINT (379070.459 4657229.639 0.0)",1180
"POINT (378973.439 4657186.509 0.0)",1181
"POINT (378946.189 4657161.279 0.0)",1182
"POINT (378880.049 4657148.409 0.0)",1183
"POINT (378843.409 4657131.719 0.0)",1184
"POINT (378915.759 4657135.059 0.0)",1185
"POINT (378788.279 4657087.209 0.0)",1186
"POINT (378829.919 4657092.909 0.0)",1187
"POINT (379539.259 4657584.119 0.0)",1188
"POINT (379623.059 4657590.199 0.0)",1189
"POINT (379429.389 4657525.009 0.0)",1190
"POINT (379401.139 4657458.599 0.0)",1191
"POINT (379501.129 4657521.459 0.0)",1192
"POINT (379685.929 4657791.879 0.0)",1193
"POINT (379676.839 4657673.609 0.0)",1194
"POINT (379809.699 4657948.059 0.0)",1195
"POINT (379770.779 4657836.449 0.0)",1196
"POINT (379968.769 4658063.829 0.0)",1197
"POINT (380125.819 4658263.899 0.0)",1198
"POINT (380083.659 4658076.319 0.0)",1199
"POINT (380956.229 4658825.209 0.0)",1200
"POINT (381106.149 4658964.169 0.0)",1201
"POINT (381281.019 4658892.029 0.0)",1202
"POINT (381423.529 4658748.859 0.0)",1203
"POINT (381372.299 4658557.089 0.0)",1204
"POINT (381712.099 4658784.299 0.0)",1205
"POINT (380955.549 4658665.389 0.0)",1206
"POINT (382551.039 4658434.289 0.0)",1207
"POINT (382292.019 4658528.449 0.0)",1208
"POINT (381818.499 4658467.239 0.0)",1209
"POINT (382022.849 4658645.739 0.0)",1210
"POINT (380645.669 4658428.359 0.0)",1211
"POINT (380434.679 4658311.449 0.0)",1212
"POINT (380293.809 4658199.499 0.0)",1213
"POINT (380589.269 4658189.119 0.0)",1214
"POINT (378315.859 4656738.529 0.0)",1215
"POINT (378616.639 4656952.339 0.0)",1216
"POINT (378646.069 4656964.149 0.0)",1217
"POINT (378513.369 4656867.689 0.0)",1218
"POINT (378545.499 4656943.389 0.0)",1219
"POINT (378531.079 4656897.369 0.0)",1220
"POINT (378580.539 4656955.369 0.0)",1221
"POINT (378534.989 4656921.779 0.0)",1222
"POINT (378344.719 4656718.299 0.0)",1223
"POINT (378352.139 4656756.709 0.0)",1224
"POINT (378390.589 4656818.669 0.0)",1225
"POINT (378370.819 4656773.259 0.0)",1226
"POINT (378374.909 4656799.319 0.0)",1227
"POINT (378414.079 4656823.079 0.0)",1228
"POINT (378446.079 4656834.829 0.0)",1229
"POINT (378502.429 4656835.439 0.0)",1230
"POINT (378474.329 4656824.179 0.0)",1231
"POINT (378703.689 4656967.139 0.0)",1232
"POINT (378671.129 4657010.259 0.0)",1233
"POINT (378677.379 4656981.879 0.0)",1234
"POINT (378700.499 4657029.219 0.0)",1235
"POINT (378728.709 4657053.359 0.0)",1236
"POINT (378768.379 4657052.659 0.0)",1237
"POINT (379159.599 4657231.909 0.0)",1238
"POINT (379162.709 4657267.379 0.0)",1239
"POINT (379222.049 4657283.549 0.0)",1240
"POINT (379120.369 4657235.799 0.0)",1241
"POINT (379279.089 4657289.379 0.0)",1242
"POINT (379327.769 4657321.059 0.0)",1243
"POINT (379359.939 4657399.649 0.0)",1244
"POINT (379435.249 4657397.039 0.0)",1245
"POINT (379009.399 4657187.359 0.0)",1246
"POINT (379051.029 4657189.449 0.0)",1247
"POINT (379100.569 4657191.609 0.0)",1248
"POINT (378984.589 4657155.409 0.0)",1249
"POINT (378960.179 4657125.179 0.0)",1250
"POINT (378939.269 4657060.179 0.0)",1251
"POINT (378929.789 4657093.949 0.0)",1252
"POINT (378878.329 4657100.439 0.0)",1253
"POINT (378791.999 4657020.529 0.0)",1254
"POINT (378812.129 4657055.429 0.0)",1255
"POINT (379659.009 4657525.869 0.0)",1256
"POINT (379578.729 4657523.449 0.0)",1257
"POINT (379471.479 4657459.699 0.0)",1258
"POINT (379737.919 4657487.189 0.0)",1259
"POINT (379720.849 4657583.069 0.0)",1260
"POINT (379928.709 4657909.909 0.0)",1261
"POINT (379776.349 4657728.279 0.0)",1262
"POINT (379777.949 4657646.279 0.0)",1263
"POINT (379864.479 4657795.689 0.0)",1264
"POINT (380038.979 4657909.279 0.0)",1265
"POINT (380152.589 4657937.299 0.0)",1266
"POINT (380223.109 4658063.439 0.0)",1267
"POINT (381151.199 4658687.189 0.0)",1268
"POINT (381566.529 4658539.099 0.0)",1269
"POINT (380932.159 4658471.109 0.0)",1270
"POINT (382348.229 4658248.729 0.0)",1271
"POINT (382662.909 4658218.999 0.0)",1272
"POINT (382170.039 4658068.849 0.0)",1273
"POINT (382075.499 4658354.539 0.0)",1274
"POINT (380784.519 4658237.819 0.0)",1275
"POINT (380421.149 4658057.129 0.0)",1276
"POINT (378304.459 4656711.319 0.0)",1277
"POINT (378609.249 4656927.849 0.0)",1278
"POINT (378646.499 4656935.999 0.0)",1279
"POINT (378540.099 4656838.739 0.0)",1280
"POINT (378569.109 4656816.279 0.0)",1281
"POINT (378553.469 4656873.859 0.0)",1282
"POINT (378567.379 4656913.139 0.0)",1283
"POINT (378311.399 4656686.329 0.0)",1284
"POINT (378333.249 4656698.329 0.0)",1285
"POINT (378362.809 4656703.489 0.0)",1286
"POINT (378366.939 4656732.819 0.0)",1287
"POINT (378378.669 4656750.369 0.0)",1288
"POINT (378402.709 4656799.739 0.0)",1289
"POINT (378391.929 4656777.599 0.0)",1290
"POINT (378426.319 4656809.089 0.0)",1291
"POINT (378447.409 4656806.139 0.0)",1292
"POINT (378473.689 4656795.729 0.0)",1293
"POINT (378541.169 4656811.789 0.0)",1294
"POINT (378496.879 4656815.689 0.0)",1295
"POINT (378706.829 4656996.659 0.0)",1296
"POINT (378679.559 4656951.849 0.0)",1297
"POINT (378744.319 4657015.269 0.0)",1298
"POINT (379196.919 4657229.139 0.0)",1299
"POINT (379264.409 4657222.789 0.0)",1300
"POINT (379158.409 4657195.339 0.0)",1301
"POINT (379323.659 4657249.789 0.0)",1302
"POINT (379372.079 4657281.219 0.0)",1303
"POINT (379401.169 4657333.009 0.0)",1304
"POINT (379466.209 4657339.449 0.0)",1305
"POINT (379511.559 4657391.819 0.0)",1306
"POINT (379131.359 4657149.099 0.0)",1307
"POINT (379029.769 4657153.279 0.0)",1308
"POINT (379077.269 4657152.869 0.0)",1309
"POINT (379005.049 4657120.729 0.0)",1310
"POINT (378996.859 4657041.819 0.0)",1311
"POINT (378977.529 4657079.769 0.0)",1312
"POINT (378903.369 4657060.219 0.0)",1313
"POINT (378856.889 4657058.629 0.0)",1314
"POINT (378838.409 4657017.029 0.0)",1315
"POINT (379641.219 4657455.889 0.0)",1316
"POINT (379546.149 4657450.479 0.0)",1317
"POINT (379863.239 4657420.709 0.0)",1318
"POINT (379823.489 4657562.119 0.0)",1319
"POINT (379986.169 4657766.469 0.0)",1320
"POINT (379891.599 4657649.869 0.0)",1321
"POINT (380154.819 4657759.559 0.0)",1322
"POINT (380276.169 4657884.889 0.0)",1323
"POINT (380925.079 4658035.539 0.0)",1324
"POINT (381202.109 4658429.549 0.0)",1325
"POINT (381452.509 4658361.819 0.0)",1326
"POINT (381663.619 4658293.479 0.0)",1327
"POINT (381052.829 4658222.479 0.0)",1328
"POINT (382490.999 4657972.999 0.0)",1329
"POINT (381899.169 4658173.579 0.0)",1330
"POINT (380682.539 4657983.929 0.0)",1331
"POINT (380465.639 4657819.189 0.0)",1332
"POINT (380854.559 4657812.499 0.0)",1333
"POINT (378289.729 4656685.339 0.0)",1334
"POINT (378603.139 4656903.779 0.0)",1335
"POINT (378641.289 4656906.449 0.0)",1336
"POINT (378681.929 4656917.379 0.0)",1337
"POINT (378571.009 4656851.849 0.0)",1338
"POINT (378590.059 4656878.079 0.0)",1339
"POINT (378330.659 4656674.259 0.0)",1340
"POINT (378349.739 4656683.289 0.0)",1341
"POINT (378390.619 4656713.349 0.0)",1342
"POINT (378407.679 4656756.819 0.0)",1343
"POINT (378397.679 4656743.009 0.0)",1344
"POINT (378419.139 4656780.519 0.0)",1345
"POINT (378448.929 4656784.049 0.0)",1346
"POINT (378516.139 4656808.429 0.0)",1347
"POINT (378503.009 4656779.299 0.0)",1348
"POINT (378738.429 4656968.469 0.0)",1349
"POINT (378707.189 4656895.589 0.0)",1350
"POINT (378709.959 4656937.219 0.0)",1351
"POINT (378777.459 4656977.929 0.0)",1352
"POINT (379216.139 4657181.969 0.0)",1353
"POINT (379168.369 4657095.359 0.0)",1354
"POINT (379180.569 4657150.539 0.0)",1355
"POINT (379321.579 4657179.899 0.0)",1356
"POINT (379269.919 4657156.529 0.0)",1357
"POINT (379381.949 4657212.379 0.0)",1358
"POINT (379442.739 4657270.799 0.0)",1359
"POINT (379527.039 4657305.449 0.0)",1360
"POINT (379104.859 4657102.789 0.0)",1361
"POINT (379054.329 4657116.369 0.0)",1362
"POINT (379026.499 4657073.539 0.0)",1363
"POINT (378961.409 4657033.279 0.0)",1364
"POINT (378924.269 4657033.689 0.0)",1365
"POINT (378884.469 4657013.669 0.0)",1366
"POINT (378893.249 4656965.869 0.0)",1367
"POINT (378856.739 4656981.549 0.0)",1368
"POINT (378818.779 4656976.319 0.0)",1369
"POINT (379604.289 4657359.169 0.0)",1370
"POINT (379726.249 4657380.999 0.0)",1371
"POINT (379931.509 4657528.519 0.0)",1372
"POINT (380056.619 4657599.579 0.0)",1373
"POINT (380214.249 4657579.949 0.0)",1374
"POINT (380334.549 4657698.319 0.0)",1375
"POINT (381035.959 4657859.899 0.0)",1376
"POINT (381694.229 4658029.969 0.0)",1377
"POINT (381305.909 4658172.289 0.0)",1378
"POINT (381512.699 4658155.549 0.0)",1379
"POINT (381153.269 4658002.659 0.0)",1380
"POINT (382318.999 4657726.999 0.0)",1381
"POINT (381973.119 4657827.399 0.0)",1382
"POINT (380455.539 4657656.339 0.0)",1383
"POINT (381208.929 4657460.569 0.0)",1384
"POINT (381013.009 4657690.759 0.0)",1385
"POINT (380646.539 4657711.019 0.0)",1386
"POINT (380819.789 4657642.259 0.0)",1387
"POINT (378274.179 4656659.839 0.0)",1388
"POINT (378290.049 4656636.269 0.0)",1389
"POINT (378304.729 4656661.139 0.0)",1390
"POINT (378332.229 4656648.959 0.0)",1391
"POINT (378633.109 4656871.739 0.0)",1392
"POINT (378672.379 4656880.239 0.0)",1393
"POINT (378600.819 4656844.989 0.0)",1394
"POINT (378633.349 4656835.959 0.0)",1395
"POINT (378358.099 4656660.679 0.0)",1396
"POINT (378375.439 4656684.569 0.0)",1397
"POINT (378419.749 4656734.459 0.0)",1398
"POINT (378422.809 4656709.059 0.0)",1399
"POINT (378438.869 4656754.929 0.0)",1400
"POINT (378470.519 4656762.899 0.0)",1401
"POINT (378539.349 4656783.729 0.0)",1402
"POINT (378491.669 4656754.129 0.0)",1403
"POINT (378732.699 4656866.719 0.0)",1404
"POINT (378766.039 4656938.679 0.0)",1405
"POINT (378741.999 4656919.589 0.0)",1406
"POINT (378801.349 4656935.719 0.0)",1407
"POINT (379235.089 4657120.679 0.0)",1408
"POINT (379307.049 4657103.419 0.0)",1409
"POINT (379382.459 4657134.479 0.0)",1410
"POINT (379443.839 4657184.239 0.0)",1411
"POINT (379594.969 4657256.299 0.0)",1412
"POINT (379520.259 4657225.839 0.0)",1413
"POINT (379079.279 4657060.469 0.0)",1414
"POINT (379124.899 4657056.759 0.0)",1415
"POINT (378979.919 4657003.189 0.0)",1416
"POINT (379061.459 4656982.629 0.0)",1417
"POINT (379038.939 4657019.309 0.0)",1418
"POINT (378928.499 4656998.209 0.0)",1419
"POINT (378848.169 4656941.399 0.0)",1420
"POINT (379694.589 4657275.469 0.0)",1421
"POINT (380035.239 4657432.579 0.0)",1422
"POINT (380132.899 4657503.679 0.0)",1423
"POINT (380386.079 4657514.749 0.0)",1424
"POINT (381224.689 4657759.629 0.0)",1425
"POINT (381447.229 4657920.199 0.0)",1426
"POINT (381690.189 4657732.739 0.0)",1427
"POINT (381893.649 4657562.779 0.0)",1428
"POINT (382153.999 4657476.499 0.0)",1429
"POINT (380542.109 4657551.269 0.0)",1430
"POINT (380918.639 4657472.629 0.0)",1431
"POINT (380705.599 4657511.659 0.0)",1432
"POINT (378233.299 4656580.239 0.0)",1433
"POINT (378261.519 4656632.849 0.0)",1434
"POINT (378247.249 4656606.629 0.0)",1435
"POINT (378311.489 4656637.389 0.0)",1436
"POINT (378354.269 4656636.199 0.0)",1437
"POINT (378695.459 4656851.209 0.0)",1438
"POINT (378664.479 4656843.469 0.0)",1439
"POINT (378607.639 4656810.649 0.0)",1440
"POINT (378549.279 4656749.089 0.0)",1441
"POINT (378582.459 4656774.759 0.0)",1442
"POINT (378646.329 4656806.759 0.0)",1443
"POINT (378401.559 4656691.759 0.0)",1444
"POINT (378398.319 4656670.319 0.0)",1445
"POINT (378444.369 4656724.929 0.0)",1446
"POINT (378446.679 4656701.659 0.0)",1447
"POINT (378461.689 4656737.159 0.0)",1448
"POINT (378481.099 4656730.689 0.0)",1449
"POINT (378511.289 4656747.849 0.0)",1450
"POINT (378766.409 4656893.969 0.0)",1451
"POINT (378795.979 4656875.879 0.0)",1452
"POINT (379237.649 4657058.929 0.0)",1453
"POINT (379170.019 4657025.189 0.0)",1454
"POINT (379380.849 4657056.119 0.0)",1455
"POINT (379312.229 4657020.749 0.0)",1456
"POINT (379433.759 4657020.039 0.0)",1457
"POINT (379457.249 4657087.249 0.0)",1458
"POINT (379502.659 4657141.869 0.0)",1459
"POINT (379571.589 4657163.669 0.0)",1460
"POINT (379666.299 4657178.499 0.0)",1461
"POINT (379101.669 4657006.109 0.0)",1462
"POINT (379018.349 4656964.779 0.0)",1463
"POINT (378952.889 4656948.829 0.0)",1464
"POINT (378838.189 4656891.489 0.0)",1465
"POINT (378893.179 4656914.339 0.0)",1466
"POINT (379954.869 4657287.049 0.0)",1467
"POINT (379816.219 4657287.549 0.0)",1468
"POINT (379770.949 4657188.139 0.0)",1469
"POINT (380108.059 4657268.099 0.0)",1470
"POINT (380225.509 4657402.589 0.0)",1471
"POINT (381436.009 4657607.699 0.0)",1472
"POINT (381696.899 4657448.409 0.0)",1473
"POINT (381990.689 4657224.999 0.0)",1474
"POINT (380549.369 4657397.319 0.0)",1475
"POINT (380396.209 4657311.339 0.0)",1476
"POINT (380772.499 4657300.859 0.0)",1477
"POINT (378282.679 4656557.549 0.0)",1478
"POINT (378249.419 4656557.089 0.0)",1479
"POINT (378219.829 4656553.599 0.0)",1480
"POINT (378267.419 4656583.999 0.0)",1481
"POINT (378308.569 4656616.159 0.0)",1482
"POINT (378279.799 4656610.209 0.0)",1483
"POINT (378334.039 4656624.589 0.0)",1484
"POINT (378389.579 4656636.839 0.0)",1485
"POINT (378361.289 4656612.309 0.0)",1486
"POINT (378678.439 4656804.869 0.0)",1487
"POINT (378621.729 4656777.069 0.0)",1488
"POINT (378591.939 4656740.919 0.0)",1489
"POINT (378653.089 4656767.369 0.0)",1490
"POINT (378429.309 4656684.729 0.0)",1491
"POINT (378426.879 4656653.779 0.0)",1492
"POINT (378473.429 4656713.669 0.0)",1493
"POINT (378499.699 4656719.829 0.0)",1494
"POINT (378528.359 4656719.109 0.0)",1495
"POINT (378606.439 4656709.819 0.0)",1496
"POINT (378567.029 4656713.199 0.0)",1497
"POINT (378717.569 4656816.349 0.0)",1498
"POINT (378767.359 4656839.129 0.0)",1499
"POINT (378816.629 4656847.119 0.0)",1500
"POINT (379238.309 4656987.829 0.0)",1501
"POINT (379161.809 4656963.129 0.0)",1502
"POINT (379379.079 4656987.599 0.0)",1503
"POINT (379312.179 4656951.549 0.0)",1504
"POINT (379504.069 4657009.009 0.0)",1505
"POINT (379551.709 4657073.019 0.0)",1506
"POINT (379638.499 4657083.239 0.0)",1507
"POINT (379735.499 4657092.589 0.0)",1508
"POINT (379086.899 4656940.309 0.0)",1509
"POINT (379010.559 4656912.319 0.0)",1510
"POINT (378946.489 4656883.129 0.0)",1511
"POINT (378892.379 4656795.009 0.0)",1512
"POINT (378878.059 4656853.279 0.0)",1513
"POINT (379827.759 4657111.809 0.0)",1514
"POINT (379878.849 4657180.709 0.0)",1515
"POINT (380168.729 4657143.719 0.0)",1516
"POINT (380256.029 4657231.309 0.0)",1517
"POINT (381477.469 4657316.459 0.0)",1518
"POINT (381301.179 4657187.699 0.0)",1519
"POINT (381701.569 4657197.689 0.0)",1520
"POINT (381047.489 4657192.419 0.0)",1521
"POINT (381827.499 4656972.999 0.0)",1522
"POINT (380847.219 4657045.769 0.0)",1523
"POINT (380412.019 4657145.919 0.0)",1524
"POINT (380597.109 4657172.739 0.0)",1525
"POINT (378261.399 4656531.169 0.0)",1526
"POINT (378233.919 4656530.119 0.0)",1527
"POINT (378206.209 4656527.039 0.0)",1528
"POINT (378191.609 4656500.979 0.0)",1529
"POINT (378305.669 4656584.089 0.0)",1530
"POINT (378312.649 4656551.359 0.0)",1531
"POINT (378336.319 4656598.349 0.0)",1532
"POINT (378426.409 4656614.899 0.0)",1533
"POINT (378365.159 4656586.369 0.0)",1534
"POINT (378392.709 4656599.239 0.0)",1535
"POINT (378695.139 4656769.879 0.0)",1536
"POINT (378625.439 4656740.659 0.0)",1537
"POINT (378463.019 4656674.769 0.0)",1538
"POINT (378457.049 4656586.499 0.0)",1539
"POINT (378461.169 4656631.829 0.0)",1540
"POINT (378545.029 4656691.489 0.0)",1541
"POINT (378504.339 4656687.809 0.0)",1542
"POINT (378578.029 4656678.459 0.0)",1543
"POINT (378709.179 4656729.329 0.0)",1544
"POINT (378750.489 4656725.739 0.0)",1545
"POINT (378749.239 4656774.629 0.0)",1546
"POINT (378792.989 4656799.199 0.0)",1547
"POINT (378841.769 4656797.999 0.0)",1548
"POINT (379236.059 4656925.789 0.0)",1549
"POINT (379159.439 4656900.039 0.0)",1550
"POINT (379310.779 4656888.499 0.0)",1551
"POINT (379450.789 4656956.579 0.0)",1552
"POINT (379389.189 4656916.389 0.0)",1553
"POINT (379807.889 4657016.809 0.0)",1554
"POINT (379600.099 4656996.289 0.0)",1555
"POINT (379703.149 4657000.689 0.0)",1556
"POINT (379082.709 4656873.199 0.0)",1557
"POINT (379006.329 4656847.459 0.0)",1558
"POINT (378942.369 4656825.339 0.0)",1559
"POINT (379921.549 4657064.139 0.0)",1560
"POINT (380026.459 4657130.159 0.0)",1561
"POINT (380151.219 4657005.619 0.0)",1562
"POINT (380126.799 4656896.199 0.0)",1563
"POINT (380305.579 4657043.459 0.0)",1564
"POINT (381514.719 4657011.829 0.0)",1565
"POINT (381047.509 4656930.639 0.0)",1566
"POINT (380877.289 4656815.279 0.0)",1567
"POINT (381236.419 4656948.749 0.0)",1568
"POINT (381661.309 4656723.499 0.0)",1569
"POINT (380688.039 4656966.709 0.0)",1570
"POINT (380494.039 4657002.119 0.0)",1571
"POINT (380406.509 4656879.029 0.0)",1572
"POINT (378179.249 4656473.829 0.0)",1573
"POINT (378167.609 4656446.339 0.0)",1574
"POINT (378331.849 4656525.349 0.0)",1575
"POINT (378296.299 4656528.979 0.0)",1576
"POINT (378271.369 4656503.449 0.0)",1577
"POINT (378247.619 4656510.099 0.0)",1578
"POINT (378222.029 4656500.509 0.0)",1579
"POINT (378229.179 4656467.379 0.0)",1580
"POINT (378203.679 4656474.819 0.0)",1581
"POINT (378346.739 4656560.839 0.0)",1582
"POINT (378423.919 4656575.039 0.0)",1583
"POINT (378390.419 4656564.599 0.0)",1584
"POINT (378694.469 4656677.909 0.0)",1585
"POINT (378618.729 4656670.989 0.0)",1586
"POINT (378657.429 4656717.819 0.0)",1587
"POINT (378498.089 4656645.129 0.0)",1588
"POINT (378494.779 4656604.019 0.0)",1589
"POINT (378541.709 4656658.989 0.0)",1590
"POINT (378583.949 4656635.709 0.0)",1591
"POINT (378729.729 4656694.559 0.0)",1592
"POINT (378767.739 4656686.819 0.0)",1593
"POINT (378797.659 4656742.389 0.0)",1594
"POINT (379233.859 4656863.659 0.0)",1595
"POINT (379155.879 4656836.719 0.0)",1596
"POINT (379305.459 4656820.899 0.0)",1597
"POINT (379382.529 4656842.029 0.0)",1598
"POINT (379462.649 4656878.009 0.0)",1599
"POINT (379535.999 4656928.449 0.0)",1600
"POINT (379754.879 4656920.399 0.0)",1601
"POINT (379924.079 4656802.959 0.0)",1602
"POINT (379879.609 4656932.449 0.0)",1603
"POINT (379643.269 4656906.689 0.0)",1604
"POINT (378867.609 4656737.079 0.0)",1605
"POINT (379079.039 4656810.379 0.0)",1606
"POINT (379001.959 4656786.059 0.0)",1607
"POINT (378932.069 4656761.319 0.0)",1608
"POINT (380023.419 4656953.109 0.0)",1609
"POINT (380246.919 4656855.179 0.0)",1610
"POINT (381385.879 4656732.699 0.0)",1611
"POINT (381132.749 4656751.809 0.0)",1612
"POINT (381490.999 4656476.499 0.0)",1613
"POINT (380981.519 4656618.709 0.0)",1614
"POINT (380604.999 4656781.109 0.0)",1615
"POINT (380395.749 4656719.689 0.0)",1616
"POINT (378152.479 4656420.689 0.0)",1617
"POINT (378137.979 4656394.709 0.0)",1618
"POINT (378190.389 4656447.809 0.0)",1619
"POINT (378306.319 4656495.839 0.0)",1620
"POINT (378249.389 4656485.269 0.0)",1621
"POINT (378281.359 4656469.769 0.0)",1622
"POINT (378211.669 4656453.459 0.0)",1623
"POINT (378451.119 4656540.279 0.0)",1624
"POINT (378484.929 4656552.949 0.0)",1625
"POINT (378375.659 4656524.199 0.0)",1626
"POINT (378353.289 4656489.699 0.0)",1627
"POINT (378418.199 4656529.659 0.0)",1628
"POINT (378629.129 4656622.209 0.0)",1629
"POINT (378655.749 4656663.009 0.0)",1630
"POINT (378516.449 4656569.059 0.0)",1631
"POINT (378537.729 4656612.549 0.0)",1632
"POINT (378585.659 4656578.119 0.0)",1633
"POINT (378730.949 4656649.619 0.0)",1634
"POINT (378777.159 4656626.299 0.0)",1635
"POINT (378813.769 4656675.229 0.0)",1636
"POINT (379278.449 4656749.529 0.0)",1637
"POINT (379226.609 4656790.209 0.0)",1638
"POINT (379151.239 4656769.349 0.0)",1639
"POINT (379356.439 4656755.429 0.0)",1640
"POINT (379456.189 4656783.009 0.0)",1641
"POINT (379558.069 4656831.329 0.0)",1642
"POINT (379797.969 4656818.629 0.0)",1643
"POINT (379619.769 4656739.799 0.0)",1644
"POINT (379681.529 4656827.409 0.0)",1645
"POINT (379829.669 4656713.729 0.0)",1646
"POINT (378867.019 4656664.989 0.0)",1647
"POINT (378928.539 4656694.579 0.0)",1648
"POINT (379148.169 4656682.799 0.0)",1649
"POINT (378992.809 4656657.099 0.0)",1650
"POINT (379074.259 4656744.659 0.0)",1651
"POINT (378995.989 4656724.729 0.0)",1652
"POINT (380085.659 4656770.889 0.0)",1653
"POINT (380240.099 4656662.239 0.0)",1654
"POINT (379935.369 4656638.309 0.0)",1655
"POINT (381194.999 4656505.179 0.0)",1656
"POINT (381320.599 4656229.499 0.0)",1657
"POINT (380778.409 4656589.019 0.0)",1658
"POINT (380924.129 4656432.259 0.0)",1659
"POINT (380535.899 4656559.539 0.0)",1660
"POINT (380360.299 4656558.269 0.0)",1661
"POINT (380203.299 4656326.629 0.0)",1662
"POINT (378112.899 4656340.759 0.0)",1663
"POINT (378124.539 4656368.149 0.0)",1664
"POINT (378147.939 4656360.709 0.0)",1665
"POINT (378173.449 4656414.649 0.0)",1666
"POINT (378206.689 4656423.739 0.0)",1667
"POINT (378170.839 4656374.439 0.0)",1668
"POINT (378320.819 4656458.219 0.0)",1669
"POINT (378257.779 4656450.469 0.0)",1670
"POINT (378292.029 4656430.569 0.0)",1671
"POINT (378233.819 4656434.489 0.0)",1672
"POINT (378361.989 4656442.109 0.0)",1673
"POINT (378474.169 4656494.329 0.0)",1674
"POINT (378441.309 4656497.079 0.0)",1675
"POINT (378404.879 4656478.309 0.0)",1676
"POINT (378683.699 4656617.209 0.0)",1677
"POINT (378519.759 4656514.599 0.0)",1678
"POINT (378546.789 4656557.859 0.0)",1679
"POINT (378609.269 4656544.649 0.0)",1680
"POINT (378642.939 4656571.639 0.0)",1681
"POINT (378737.609 4656586.009 0.0)",1682
"POINT (378839.839 4656618.909 0.0)",1683
"POINT (379305.029 4656682.559 0.0)",1684
"POINT (379220.819 4656714.359 0.0)",1685
"POINT (379406.279 4656678.099 0.0)",1686
"POINT (379520.229 4656708.419 0.0)",1687
"POINT (379714.369 4656715.559 0.0)",1688
"POINT (379776.569 4656593.179 0.0)",1689
"POINT (378915.749 4656622.259 0.0)",1690
"POINT (379070.839 4656667.839 0.0)",1691
"POINT (380080.449 4656580.829 0.0)",1692
"POINT (379975.559 4656522.699 0.0)",1693
"POINT (380228.199 4656482.519 0.0)",1694
"POINT (379871.899 4656484.569 0.0)",1695
"POINT (381040.159 4656236.029 0.0)",1696
"POINT (381158.809 4655976.999 0.0)",1697
"POINT (380673.749 4656367.629 0.0)",1698
"POINT (380817.489 4656243.499 0.0)",1699
"POINT (380404.089 4656358.299 0.0)",1700
"POINT (378098.569 4656314.549 0.0)",1701
"POINT (378131.959 4656329.649 0.0)",1702
"POINT (378174.359 4656336.619 0.0)",1703
"POINT (378199.409 4656361.829 0.0)",1704
"POINT (378228.359 4656403.229 0.0)",1705
"POINT (378217.699 4656328.889 0.0)",1706
"POINT (378197.989 4656389.909 0.0)",1707
"POINT (378327.529 4656412.549 0.0)",1708
"POINT (378297.709 4656395.689 0.0)",1709
"POINT (378261.839 4656405.529 0.0)",1710
"POINT (378365.699 4656393.749 0.0)",1711
"POINT (378407.789 4656421.009 0.0)",1712
"POINT (378501.399 4656463.019 0.0)",1713
"POINT (378454.669 4656441.899 0.0)",1714
"POINT (378695.069 4656550.089 0.0)",1715
"POINT (378546.249 4656462.159 0.0)",1716
"POINT (378583.299 4656502.209 0.0)",1717
"POINT (378587.289 4656458.759 0.0)",1718
"POINT (378644.049 4656519.309 0.0)",1719
"POINT (378744.459 4656528.989 0.0)",1720
"POINT (378802.599 4656560.369 0.0)",1721
"POINT (378790.679 4656499.379 0.0)",1722
"POINT (378942.619 4656545.159 0.0)",1723
"POINT (378875.429 4656557.949 0.0)",1724
"POINT (379227.309 4656624.319 0.0)",1725
"POINT (379340.859 4656573.589 0.0)",1726
"POINT (379481.049 4656581.419 0.0)",1727
"POINT (379624.649 4656616.299 0.0)",1728
"POINT (379713.409 4656461.069 0.0)",1729
"POINT (378997.129 4656569.219 0.0)",1730
"POINT (379131.149 4656580.259 0.0)",1731
"POINT (379051.169 4656600.399 0.0)",1732
"POINT (381000.599 4655721.999 0.0)",1733
"POINT (380055.369 4656419.969 0.0)",1734
"POINT (379869.319 4656348.939 0.0)",1735
"POINT (380753.009 4655713.669 0.0)",1736
"POINT (380816.609 4655986.319 0.0)",1737
"POINT (380529.739 4656117.989 0.0)",1738
"POINT (380274.729 4656161.619 0.0)",1739
"POINT (378084.849 4656288.019 0.0)",1740
"POINT (378071.299 4656261.399 0.0)",1741
"POINT (378120.049 4656294.089 0.0)",1742
"POINT (378152.569 4656298.929 0.0)",1743
"POINT (378140.719 4656271.289 0.0)",1744
"POINT (378235.469 4656367.849 0.0)",1745
"POINT (378324.529 4656369.339 0.0)",1746
"POINT (378282.599 4656360.469 0.0)",1747
"POINT (378405.989 4656362.599 0.0)",1748
"POINT (378455.299 4656383.419 0.0)",1749
"POINT (378544.599 4656374.169 0.0)",1750
"POINT (378446.079 4656331.549 0.0)",1751
"POINT (378511.119 4656408.599 0.0)",1752
"POINT (378697.329 4656485.699 0.0)",1753
"POINT (378579.139 4656409.829 0.0)",1754
"POINT (378635.759 4656452.469 0.0)",1755
"POINT (378758.169 4656455.899 0.0)",1756
"POINT (378845.229 4656500.719 0.0)",1757
"POINT (378811.489 4656450.609 0.0)",1758
"POINT (378906.529 4656500.299 0.0)",1759
"POINT (379234.519 4656507.179 0.0)",1760
"POINT (379413.679 4656461.459 0.0)",1761
"POINT (379327.379 4656490.359 0.0)",1762
"POINT (379554.129 4656471.269 0.0)",1763
"POINT (379623.179 4656397.699 0.0)",1764
"POINT (379689.659 4656320.489 0.0)",1765
"POINT (378979.259 4656474.789 0.0)",1766
"POINT (379133.539 4656482.239 0.0)",1767
"POINT (379064.319 4656520.279 0.0)",1768
"POINT (379181.949 4656396.879 0.0)",1769
"POINT (380842.309 4655467.499 0.0)",1770
"POINT (380054.119 4656210.739 0.0)",1771
"POINT (379826.509 4656192.519 0.0)",1772
"POINT (380131.779 4655995.229 0.0)",1773
"POINT (380552.169 4655848.219 0.0)",1774
"POINT (380324.319 4655937.079 0.0)",1775
"POINT (378106.919 4656256.449 0.0)",1776
"POINT (378192.949 4656295.839 0.0)",1777
"POINT (378166.239 4656265.359 0.0)",1778
"POINT (378137.879 4656239.169 0.0)",1779
"POINT (378260.319 4656320.619 0.0)",1780
"POINT (378309.589 4656321.179 0.0)",1781
"POINT (378358.899 4656341.199 0.0)",1782
"POINT (378236.199 4656286.149 0.0)",1783
"POINT (378402.179 4656304.639 0.0)",1784
"POINT (378504.889 4656336.949 0.0)",1785
"POINT (378706.069 4656412.359 0.0)",1786
"POINT (378637.609 4656332.069 0.0)",1787
"POINT (378644.149 4656378.379 0.0)",1788
"POINT (378788.199 4656376.269 0.0)",1789
"POINT (378887.059 4656425.609 0.0)",1790
"POINT (379234.269 4656304.609 0.0)",1791
"POINT (379395.769 4656365.519 0.0)",1792
"POINT (379304.399 4656399.339 0.0)",1793
"POINT (379513.799 4656332.449 0.0)",1794
"POINT (379624.249 4656195.039 0.0)",1795
"POINT (379079.749 4656403.609 0.0)",1796
"POINT (378971.909 4656362.689 0.0)",1797
"POINT (379135.479 4656310.849 0.0)",1798
"POINT (378940.519 4656262.029 0.0)",1799
"POINT (380553.329 4655544.329 0.0)",1800
"POINT (380686.189 4655210.999 0.0)",1801
"POINT (379938.629 4656040.819 0.0)",1802
"POINT (379745.689 4656047.749 0.0)",1803
"POINT (380012.019 4655852.609 0.0)",1804
"POINT (380343.119 4655709.639 0.0)",1805
"POINT (380180.099 4655829.119 0.0)",1806
"POINT (378081.819 4656231.769 0.0)",1807
"POINT (378055.309 4656236.359 0.0)",1808
"POINT (378035.149 4656214.349 0.0)",1809
"POINT (377952.529 4656180.039 0.0)",1810
"POINT (377992.249 4656203.259 0.0)",1811
"POINT (378107.609 4656214.169 0.0)",1812
"POINT (378142.559 4656200.589 0.0)",1813
"POINT (378201.349 4656245.189 0.0)",1814
"POINT (378165.899 4656230.139 0.0)",1815
"POINT (378285.209 4656268.619 0.0)",1816
"POINT (378346.089 4656282.249 0.0)",1817
"POINT (378246.459 4656243.429 0.0)",1818
"POINT (378395.289 4656243.919 0.0)",1819
"POINT (378462.059 4656270.149 0.0)",1820
"POINT (378583.239 4656341.289 0.0)",1821
"POINT (378538.259 4656273.039 0.0)",1822
"POINT (378700.539 4656327.979 0.0)",1823
"POINT (378785.989 4656283.829 0.0)",1824
"POINT (378869.619 4656328.799 0.0)",1825
"POINT (379351.199 4656268.839 0.0)",1826
"POINT (379455.849 4656176.899 0.0)",1827
"POINT (379566.569 4656051.749 0.0)",1828
"POINT (379054.929 4656282.219 0.0)",1829
"POINT (380391.789 4655247.379 0.0)",1830
"POINT (380532.689 4654953.499 0.0)",1831
"POINT (379834.909 4655896.159 0.0)",1832
"POINT (379669.039 4655911.969 0.0)",1833
"POINT (379908.089 4655750.849 0.0)",1834
"POINT (380267.659 4655489.939 0.0)",1835
"POINT (380089.249 4655651.019 0.0)",1836
"POINT (378067.949 4656190.469 0.0)",1837
"POINT (378028.009 4656177.619 0.0)",1838
"POINT (377991.289 4656151.129 0.0)",1839
"POINT (378111.539 4656167.569 0.0)",1840
"POINT (378227.259 4656198.049 0.0)",1841
"POINT (378153.339 4656153.279 0.0)",1842
"POINT (378181.019 4656196.859 0.0)",1843
"POINT (378330.389 4656225.069 0.0)",1844
"POINT (378376.659 4656174.189 0.0)",1845
"POINT (378275.059 4656207.209 0.0)",1846
"POINT (378082.339 4656138.349 0.0)",1847
"POINT (378438.989 4656194.849 0.0)",1848
"POINT (378601.709 4656167.369 0.0)",1849
"POINT (378507.329 4656210.759 0.0)",1850
"POINT (378629.349 4656276.699 0.0)",1851
"POINT (378577.549 4656219.359 0.0)",1852
"POINT (378483.129 4656146.799 0.0)",1853
"POINT (378714.019 4656238.689 0.0)",1854
"POINT (378810.629 4656190.979 0.0)",1855
"POINT (378860.419 4656252.979 0.0)",1856
"POINT (379131.439 4656206.329 0.0)",1857
"POINT (379235.529 4656159.819 0.0)",1858
"POINT (379339.909 4656133.699 0.0)",1859
"POINT (379399.649 4656025.179 0.0)",1860
"POINT (379491.049 4655896.409 0.0)",1861
"POINT (379012.839 4656162.119 0.0)",1862
"POINT (380379.189 4654695.499 0.0)",1863
"POINT (380250.349 4654944.599 0.0)",1864
"POINT (379579.859 4655752.309 0.0)",1865
"POINT (379407.479 4655747.939 0.0)",1866
"POINT (379747.709 4655751.179 0.0)",1867
"POINT (379856.569 4655603.269 0.0)",1868
"POINT (380020.349 4655426.379 0.0)",1869
"POINT (378043.159 4656148.929 0.0)",1870
"POINT (377943.149 4656140.829 0.0)",1871
"POINT (378123.549 4656122.409 0.0)",1872
"POINT (378169.539 4656103.429 0.0)",1873
"POINT (378201.049 4656144.369 0.0)",1874
"POINT (378254.999 4656145.689 0.0)",1875
"POINT (378310.759 4656155.659 0.0)",1876
"POINT (378058.219 4656111.889 0.0)",1877
"POINT (378091.329 4656093.499 0.0)",1878
"POINT (378359.269 4656102.769 0.0)",1879
"POINT (378473.829 4656082.999 0.0)",1880
"POINT (378421.939 4656126.149 0.0)",1881
"POINT (378544.449 4656159.629 0.0)",1882
"POINT (378650.409 4656205.549 0.0)",1883
"POINT (378519.919 4656109.579 0.0)",1884
"POINT (378719.739 4656171.219 0.0)",1885
"POINT (378888.009 4656172.189 0.0)",1886
"POINT (378713.869 4656104.929 0.0)",1887
"POINT (378916.069 4656075.059 0.0)",1888
"POINT (379134.229 4656079.499 0.0)",1889
"POINT (379249.079 4656024.219 0.0)",1890
"POINT (379328.729 4655893.769 0.0)",1891
"POINT (379020.469 4656015.809 0.0)",1892
"POINT (380109.549 4654698.269 0.0)",1893
"POINT (380226.999 4654436.999 0.0)",1894
"POINT (380123.779 4655259.409 0.0)",1895
"POINT (380032.619 4654923.609 0.0)",1896
"POINT (379484.849 4655583.189 0.0)",1897
"POINT (379672.079 4655587.079 0.0)",1898
"POINT (379897.159 4655272.889 0.0)",1899
"POINT (379791.659 4655415.069 0.0)",1900
"POINT (378015.959 4656101.309 0.0)",1901
"POINT (377914.729 4656099.979 0.0)",1902
"POINT (377874.709 4656090.659 0.0)",1903
"POINT (377963.229 4656105.269 0.0)",1904
"POINT (378188.809 4656049.009 0.0)",1905
"POINT (378131.859 4656069.989 0.0)",1906
"POINT (378233.969 4656089.629 0.0)",1907
"POINT (378298.919 4656087.959 0.0)",1908
"POINT (378059.019 4656071.699 0.0)",1909
"POINT (378095.229 4656055.599 0.0)",1910
"POINT (378339.879 4656025.579 0.0)",1911
"POINT (378413.099 4656053.749 0.0)",1912
"POINT (378573.979 4656111.259 0.0)",1913
"POINT (378646.769 4656121.339 0.0)",1914
"POINT (378474.199 4656015.309 0.0)",1915
"POINT (378531.169 4656057.259 0.0)",1916
"POINT (378795.109 4656091.749 0.0)",1917
"POINT (378859.169 4656012.739 0.0)",1918
"POINT (378934.259 4655986.939 0.0)",1919
"POINT (379146.879 4655913.469 0.0)",1920
"POINT (379237.479 4655763.529 0.0)",1921
"POINT (378999.089 4655890.909 0.0)",1922
"POINT (379083.909 4652388.5 0.0)",1923
"POINT (379202.589 4652604.0 0.0)",1924
"POINT (380078.909 4654175.999 0.0)",1925
"POINT (379905.049 4654444.069 0.0)",1926
"POINT (379863.089 4654744.849 0.0)",1927
"POINT (379878.979 4655045.399 0.0)",1928
"POINT (379174.909 4655669.329 0.0)",1929
"POINT (379310.809 4655622.529 0.0)",1930
"POINT (379571.799 4655417.459 0.0)",1931
"POINT (379697.219 4655230.849 0.0)",1932
"POINT (379647.769 4654857.559 0.0)",1933
"POINT (379930.809 4653915.5 0.0)",1934
"POINT (377978.349 4656072.359 0.0)",1935
"POINT (378015.129 4656048.349 0.0)",1936
"POINT (377932.169 4656071.649 0.0)",1937
"POINT (377875.849 4656049.199 0.0)",1938
"POINT (378127.589 4656026.089 0.0)",1939
"POINT (378258.219 4656027.279 0.0)",1940
"POINT (378068.069 4656019.489 0.0)",1941
"POINT (378296.739 4655990.329 0.0)",1942
"POINT (378333.949 4655946.229 0.0)",1943
"POINT (378411.219 4655981.299 0.0)",1944
"POINT (378599.859 4656052.359 0.0)",1945
"POINT (378693.839 4656035.409 0.0)",1946
"POINT (378544.919 4655987.569 0.0)",1947
"POINT (378695.129 4655966.449 0.0)",1948
"POINT (378484.159 4655942.589 0.0)",1949
"POINT (378547.509 4655916.849 0.0)",1950
"POINT (378775.859 4655960.819 0.0)",1951
"POINT (378881.989 4655911.689 0.0)",1952
"POINT (379088.909 4655783.159 0.0)",1953
"POINT (379035.979 4655615.699 0.0)",1954
"POINT (378799.409 4652483.5 0.0)",1955
"POINT (379119.489 4652880.221 0.0)",1956
"POINT (379347.409 4652866.5 0.0)",1957
"POINT (378889.439 4652696.651 0.0)",1958
"POINT (379842.819 4654237.939 0.0)",1959
"POINT (379750.179 4654024.672 0.0)",1960
"POINT (379672.099 4654610.249 0.0)",1961
"POINT (379579.029 4655052.299 0.0)",1962
"POINT (379191.309 4655519.599 0.0)",1963
"POINT (379368.849 4655451.589 0.0)",1964
"POINT (379441.789 4655242.009 0.0)",1965
"POINT (379442.639 4654922.399 0.0)",1966
"POINT (379463.089 4654725.909 0.0)",1967
"POINT (379492.089 4653129.5 0.0)",1968
"POINT (379636.909 4653392.5 0.0)",1969
"POINT (379488.409 4653591.447 0.0)",1970
"POINT (379782.809 4653654.5 0.0)",1971
"POINT (377848.479 4656028.199 0.0)",1972
"POINT (377961.809 4656026.899 0.0)",1973
"POINT (378010.459 4655999.919 0.0)",1974
"POINT (377900.179 4656034.759 0.0)",1975
"POINT (378115.079 4655979.599 0.0)",1976
"POINT (378192.699 4655991.419 0.0)",1977
"POINT (378014.249 4655959.109 0.0)",1978
"POINT (378054.799 4655972.349 0.0)",1979
"POINT (378254.899 4655962.209 0.0)",1980
"POINT (378414.549 4655901.579 0.0)",1981
"POINT (378621.929 4655952.669 0.0)",1982
"POINT (378698.129 4655881.899 0.0)",1983
"POINT (378494.459 4655857.499 0.0)",1984
"POINT (378414.179 4655822.529 0.0)",1985
"POINT (378800.909 4655830.909 0.0)",1986
"POINT (378925.199 4655761.859 0.0)",1987
"POINT (378893.249 4655638.489 0.0)",1988
"POINT (378922.779 4655506.399 0.0)",1989
"POINT (378514.099 4652576.5 0.0)",1990
"POINT (379201.899 4653142.546 0.0)",1991
"POINT (378922.369 4653019.689 0.0)",1992
"POINT (378687.179 4652886.088 0.0)",1993
"POINT (379637.129 4654307.029 0.0)",1994
"POINT (379437.149 4654501.549 0.0)",1995
"POINT (379390.239 4655079.289 0.0)",1996
"POINT (379243.959 4655181.269 0.0)",1997
"POINT (379055.239 4655449.889 0.0)",1998
"POINT (379227.579 4655348.489 0.0)",1999
"POINT (379309.949 4654819.689 0.0)",2000
"POINT (379279.499 4654591.499 0.0)",2001
"POINT (379285.729 4653401.642 0.0)",2002
"POINT (379491.939 4654057.063 0.0)",2003
"POINT (379494.109 4653824.929 0.0)",2004
"POINT (378953.029 4655382.459 0.0)",2005
"POINT (377840.059 4655988.409 0.0)",2006
"POINT (377811.759 4655922.679 0.0)",2007
"POINT (377820.249 4655948.299 0.0)",2008
"POINT (377968.379 4655975.999 0.0)",2009
"POINT (377924.399 4655993.669 0.0)",2010
"POINT (377880.119 4655988.699 0.0)",2011
"POINT (378098.199 4655926.349 0.0)",2012
"POINT (378175.099 4655926.509 0.0)",2013
"POINT (377984.409 4655929.799 0.0)",2014
"POINT (378042.079 4655924.509 0.0)",2015
"POINT (378205.739 4655848.719 0.0)",2016
"POINT (378266.549 4655899.879 0.0)",2017
"POINT (378339.919 4655862.519 0.0)",2018
"POINT (378591.989 4655820.079 0.0)",2019
"POINT (378484.709 4655774.819 0.0)",2020
"POINT (378412.539 4655751.639 0.0)",2021
"POINT (378792.199 4655693.369 0.0)",2022
"POINT (378702.969 4655760.489 0.0)",2023
"POINT (378619.699 4655700.299 0.0)",2024
"POINT (378795.289 4655561.089 0.0)",2025
"POINT (378812.799 4655407.739 0.0)",2026
"POINT (378422.989 4652913.33 0.0)",2027
"POINT (378228.909 4652669.5 0.0)",2028
"POINT (378996.419 4653595.168 0.0)",2029
"POINT (378978.879 4653331.242 0.0)",2030
"POINT (378657.309 4653181.389 0.0)",2031
"POINT (376697.079 4653168.519 0.0)",2032
"POINT (376892.594 4653105.5 0.0)",2033
"POINT (379358.439 4654255.709 0.0)",2034
"POINT (379248.689 4654406.539 0.0)",2035
"POINT (379228.529 4654969.649 0.0)",2036
"POINT (379065.899 4655283.649 0.0)",2037
"POINT (379141.439 4654746.629 0.0)",2038
"POINT (379242.509 4653683.662 0.0)",2039
"POINT (379236.219 4653974.603 0.0)",2040
"POINT (378908.399 4655264.629 0.0)",2041
"POINT (377845.949 4655896.349 0.0)",2042
"POINT (377856.139 4655945.029 0.0)",2043
"POINT (377918.709 4655947.509 0.0)",2044
"POINT (378071.079 4655884.359 0.0)",2045
"POINT (378131.069 4655870.749 0.0)",2046
"POINT (378018.979 4655870.939 0.0)",2047
"POINT (378151.789 4655798.349 0.0)",2048
"POINT (378346.769 4655774.319 0.0)",2049
"POINT (378214.179 4655781.689 0.0)",2050
"POINT (378274.439 4655816.929 0.0)",2051
"POINT (378364.469 4655548.319 0.0)",2052
"POINT (378373.499 4655695.629 0.0)",2053
"POINT (378541.529 4655701.949 0.0)",2054
"POINT (378457.409 4655690.769 0.0)",2055
"POINT (378589.429 4655630.069 0.0)",2056
"POINT (378682.649 4655621.819 0.0)",2057
"POINT (378700.999 4655494.759 0.0)",2058
"POINT (378752.589 4655286.629 0.0)",2059
"POINT (378172.779 4655730.779 0.0)",2060
"POINT (376751.436 4653356.281 0.0)",2061
"POINT (378369.989 4653163.586 0.0)",2062
"POINT (377943.689 4652762.5 0.0)",2063
"POINT (378169.249 4653002.951 0.0)",2064
"POINT (378753.449 4653466.73 0.0)",2065
"POINT (378471.199 4653379.816 0.0)",2066
"POINT (377373.312 4652948.5 0.0)",2067
"POINT (377658.5 4652855.5 0.0)",2068
"POINT (377760.219 4653404.779 0.0)",2069
"POINT (376900.52 4653345.693 0.0)",2070
"POINT (377252.761 4653197.521 0.0)",2071
"POINT (377088.0 4653041.5 0.0)",2072
"POINT (379106.199 4654239.669 0.0)",2073
"POINT (379085.079 4654506.839 0.0)",2074
"POINT (379023.349 4655097.119 0.0)",2075
"POINT (378970.299 4654717.859 0.0)",2076
"POINT (379047.589 4654892.829 0.0)",2077
"POINT (378795.859 4654706.369 0.0)",2078
"POINT (378904.219 4654185.169 0.0)",2079
"POINT (378986.749 4653839.934 0.0)",2080
"POINT (378994.529 4654046.298 0.0)",2081
"POINT (378757.219 4653726.149 0.0)",2082
"POINT (378660.539 4655182.239 0.0)",2083
"POINT (378832.069 4655135.909 0.0)",2084
"POINT (377798.249 4655881.979 0.0)",2085
"POINT (377774.269 4655838.349 0.0)",2086
"POINT (377944.469 4655891.469 0.0)",2087
"POINT (377956.119 4655841.949 0.0)",2088
"POINT (377889.919 4655910.339 0.0)",2089
"POINT (378079.669 4655818.179 0.0)",2090
"POINT (377997.969 4655802.619 0.0)",2091
"POINT (378102.339 4655742.769 0.0)",2092
"POINT (378270.179 4655712.719 0.0)",2093
"POINT (378340.319 4655634.689 0.0)",2094
"POINT (378422.319 4655609.609 0.0)",2095
"POINT (378509.859 4655610.959 0.0)",2096
"POINT (378593.399 4655515.329 0.0)",2097
"POINT (378669.199 4655396.769 0.0)",2098
"POINT (378632.839 4655302.619 0.0)",2099
"POINT (378194.779 4655656.019 0.0)",2100
"POINT (378054.989 4655684.689 0.0)",2101
"POINT (378120.149 4655678.879 0.0)",2102
"POINT (376806.544 4653543.896 0.0)",2103
"POINT (378181.209 4653329.602 0.0)",2104
"POINT (377889.969 4653138.769 0.0)",2105
"POINT (378553.819 4653604.824 0.0)",2106
"POINT (378541.999 4653860.979 0.0)",2107
"POINT (378347.269 4653525.529 0.0)",2108
"POINT (377323.81 4653362.462 0.0)",2109
"POINT (377538.729 4653196.747 0.0)",2110
"POINT (376996.365 4653594.192 0.0)",2111
"POINT (377082.361 4653250.139 0.0)",2112
"POINT (378909.339 4654376.789 0.0)",2113
"POINT (378713.289 4654272.629 0.0)",2114
"POINT (378903.189 4654557.469 0.0)",2115
"POINT (378874.329 4654932.879 0.0)",2116
"POINT (378750.509 4654000.999 0.0)",2117
"POINT (378705.879 4655027.509 0.0)",2118
"POINT (377826.099 4655846.819 0.0)",2119
"POINT (377796.509 4655807.289 0.0)",2120
"POINT (377889.169 4655848.759 0.0)",2121
"POINT (377887.909 4655795.849 0.0)",2122
"POINT (377930.019 4655795.949 0.0)",2123
"POINT (377967.659 4655735.979 0.0)",2124
"POINT (378036.939 4655746.449 0.0)",2125
"POINT (378279.749 4655603.699 0.0)",2126
"POINT (378471.079 4655516.009 0.0)",2127
"POINT (378538.159 4655377.109 0.0)",2128
"POINT (378539.389 4655240.989 0.0)",2129
"POINT (378146.439 4655595.529 0.0)",2130
"POINT (378210.779 4655567.559 0.0)",2131
"POINT (378093.689 4655556.919 0.0)",2132
"POINT (378072.399 4655625.049 0.0)",2133
"POINT (376867.534 4653729.454 0.0)",2134
"POINT (377055.777 4653800.241 0.0)",2135
"POINT (377978.179 4653419.304 0.0)",2136
"POINT (378154.439 4653588.471 0.0)",2137
"POINT (378381.129 4653727.728 0.0)",2138
"POINT (377533.761 4653429.277 0.0)",2139
"POINT (377141.087 4653459.73 0.0)",2140
"POINT (378744.029 4654498.949 0.0)",2141
"POINT (378684.059 4654861.319 0.0)",2142
"POINT (378485.439 4654143.53 0.0)",2143
"POINT (378344.139 4653966.05 0.0)",2144
"POINT (378560.759 4654946.499 0.0)",2145
"POINT (378536.359 4655088.769 0.0)",2146
"POINT (377746.359 4655796.939 0.0)",2147
"POINT (377846.229 4655791.849 0.0)",2148
"POINT (377892.349 4655744.819 0.0)",2149
"POINT (377991.949 4655686.349 0.0)",2150
"POINT (378010.729 4655629.929 0.0)",2151
"POINT (377927.659 4655686.499 0.0)",2152
"POINT (378272.899 4655490.359 0.0)",2153
"POINT (378393.989 4655432.999 0.0)",2154
"POINT (378184.419 4655401.019 0.0)",2155
"POINT (378425.589 4655292.699 0.0)",2156
"POINT (378443.309 4655184.749 0.0)",2157
"POINT (377967.899 4655579.509 0.0)",2158
"POINT (378155.109 4655511.259 0.0)",2159
"POINT (378029.069 4655572.319 0.0)",2160
"POINT (376934.39 4653910.623 0.0)",2161
"POINT (377894.159 4653585.056 0.0)",2162
"POINT (378006.569 4653739.922 0.0)",2163
"POINT (378181.369 4653835.794 0.0)",2164
"POINT (377638.62 4653621.06 0.0)",2165
"POINT (377385.053 4653563.728 0.0)",2166
"POINT (377206.727 4653686.141 0.0)",2167
"POINT (378494.099 4654427.509 0.0)",2168
"POINT (378601.199 4654663.449 0.0)",2169
"POINT (378498.489 4654813.639 0.0)",2170
"POINT (378297.989 4654316.009 0.0)",2171
"POINT (378297.759 4654158.265 0.0)",2172
"POINT (378149.199 4654045.415 0.0)",2173
"POINT (378386.289 4655078.729 0.0)",2174
"POINT (378441.219 4654945.049 0.0)",2175
"POINT (378257.019 4655084.399 0.0)",2176
"POINT (378346.279 4654791.179 0.0)",2177
"POINT (377709.419 4655763.489 0.0)",2178
"POINT (377737.869 4655742.359 0.0)",2179
"POINT (377789.579 4655762.499 0.0)",2180
"POINT (377830.739 4655726.269 0.0)",2181
"POINT (377874.189 4655687.979 0.0)",2182
"POINT (377949.469 4655634.799 0.0)",2183
"POINT (377886.539 4655640.799 0.0)",2184
"POINT (378301.309 4655353.429 0.0)",2185
"POINT (378216.979 4655169.179 0.0)",2186
"POINT (378311.769 4655205.969 0.0)",2187
"POINT (377989.989 4655528.179 0.0)",2188
"POINT (378057.769 4655505.199 0.0)",2189
"POINT (376968.642 4654098.401 0.0)",2190
"POINT (377098.121 4653991.642 0.0)",2191
"POINT (377631.533 4653833.208 0.0)",2192
"POINT (377820.259 4653772.692 0.0)",2193
"POINT (377991.179 4653928.35 0.0)",2194
"POINT (377443.286 4653770.926 0.0)",2195
"POINT (377357.231 4654089.573 0.0)",2196
"POINT (377279.84 4653933.369 0.0)",2197
"POINT (378290.739 4654477.329 0.0)",2198
"POINT (378389.989 4654629.869 0.0)",2199
"POINT (378152.299 4654426.639 0.0)",2200
"POINT (378134.219 4654249.319 0.0)",2201
"POINT (378319.169 4654951.499 0.0)",2202
"POINT (377665.579 4655753.209 0.0)",2203
"POINT (377701.649 4655730.459 0.0)",2204
"POINT (377635.894 4655713.949 0.0)",2205
"POINT (377721.419 4655700.809 0.0)",2206
"POINT (377773.539 4655693.939 0.0)",2207
"POINT (377828.019 4655658.869 0.0)",2208
"POINT (377905.099 4655584.599 0.0)",2209
"POINT (377844.509 4655597.219 0.0)",2210
"POINT (377930.329 4655509.889 0.0)",2211
"POINT (378107.669 4655349.919 0.0)",2212
"POINT (378184.479 4655268.229 0.0)",2213
"POINT (378085.029 4655432.909 0.0)",2214
"POINT (377991.039 4655463.949 0.0)",2215
"POINT (378122.709 4655124.969 0.0)",2216
"POINT (377198.049 4654156.967 0.0)",2217
"POINT (377758.679 4653973.572 0.0)",2218
"POINT (377932.719 4654149.879 0.0)",2219
"POINT (377536.882 4654393.819 0.0)",2220
"POINT (377512.285 4654015.485 0.0)",2221
"POINT (378217.179 4654628.449 0.0)",2222
"POINT (377986.289 4654371.949 0.0)",2223
"POINT (378205.529 4654808.849 0.0)",2224
"POINT (378163.379 4654971.009 0.0)",2225
"POINT (377013.732 4654288.599 0.0)",2226
"POINT (377628.899 4655665.899 0.0)",2227
"POINT (377673.973 4655692.419 0.0)",2228
"POINT (377717.929 4655645.579 0.0)",2229
"POINT (377780.049 4655616.829 0.0)",2230
"POINT (377789.119 4655550.949 0.0)",2231
"POINT (377860.519 4655531.239 0.0)",2232
"POINT (377869.259 4655461.199 0.0)",2233
"POINT (377928.489 4655420.529 0.0)",2234
"POINT (378052.119 4655252.719 0.0)",2235
"POINT (377991.009 4655142.049 0.0)",2236
"POINT (377997.549 4655365.419 0.0)",2237
"POINT (378019.899 4654990.739 0.0)",2238
"POINT (377417.542 4654239.819 0.0)",2239
"POINT (377237.62 4654379.219 0.0)",2240
"POINT (377814.809 4654331.159 0.0)",2241
"POINT (377670.198 4654219.359 0.0)",2242
"POINT (378107.579 4654704.469 0.0)",2243
"POINT (377873.149 4654511.849 0.0)",2244
"POINT (378027.809 4654560.859 0.0)",2245
"POINT (378056.919 4654847.219 0.0)",2246
"POINT (377062.962 4654477.599 0.0)",2247
"POINT (377655.376 4655635.739 0.0)",2248
"POINT (377600.905 4655625.579 0.0)",2249
"POINT (377681.994 4655596.589 0.0)",2250
"POINT (377725.159 4655570.339 0.0)",2251
"POINT (377727.529 4655493.939 0.0)",2252
"POINT (377801.269 4655486.619 0.0)",2253
"POINT (377823.109 4655419.869 0.0)",2254
"POINT (377868.029 4655377.449 0.0)",2255
"POINT (377921.449 4655337.459 0.0)",2256
"POINT (377955.059 4655263.539 0.0)",2257
"POINT (377906.019 4655054.739 0.0)",2258
"POINT (377886.469 4655175.709 0.0)",2259
"POINT (377398.859 4654469.159 0.0)",2260
"POINT (377685.594 4654463.969 0.0)",2261
"POINT (377529.41 4654533.949 0.0)",2262
"POINT (377765.799 4654624.369 0.0)",2263
"POINT (377932.919 4654707.599 0.0)",2264
"POINT (377900.319 4654889.219 0.0)",2265
"POINT (377118.943 4654664.429 0.0)",2266
"POINT (377246.237 4654569.929 0.0)",2267
"POINT (377137.002 4654760.319 0.0)",2268
"POINT (377564.299 4655591.949 0.0)",2269
"POINT (377626.525 4655580.729 0.0)",2270
"POINT (377669.256 4655537.849 0.0)",2271
"POINT (377768.409 4655428.449 0.0)",2272
"POINT (377783.159 4655360.429 0.0)",2273
"POINT (377856.359 4655286.379 0.0)",2274
"POINT (377811.119 4655015.689 0.0)",2275
"POINT (377791.929 4655210.199 0.0)",2276
"POINT (377827.279 4655115.009 0.0)",2277
"POINT (377416.696 4654662.339 0.0)",2278
"POINT (377370.038 4654791.699 0.0)",2279
"POINT (377609.019 4654680.449 0.0)",2280
"POINT (377764.199 4654792.029 0.0)",2281
"POINT (377779.329 4654915.909 0.0)",2282
"POINT (377627.032 4654823.129 0.0)",2283
"POINT (377248.084 4654741.639 0.0)",2284
"POINT (377157.169 4654855.799 0.0)",2285
"POINT (377579.533 4655548.679 0.0)",2286
"POINT (377614.292 4655515.239 0.0)",2287
"POINT (377654.363 4655466.909 0.0)",2288
"POINT (377703.529 4655404.419 0.0)",2289
"POINT (377751.879 4655276.519 0.0)",2290
"POINT (377710.829 4655329.939 0.0)",2291
"POINT (377694.098 4655207.849 0.0)",2292
"POINT (377631.884 4655155.779 0.0)",2293
"POINT (377726.719 4654998.929 0.0)",2294
"POINT (377729.489 4655117.049 0.0)",2295
"POINT (377498.518 4654795.279 0.0)",2296
"POINT (377687.205 4654915.619 0.0)",2297
"POINT (377408.324 4654887.539 0.0)",2298
"POINT (377278.566 4654871.699 0.0)",2299
"POINT (377179.939 4654950.689 0.0)",2300
"POINT (377532.487 4655554.329 0.0)",2301
"POINT (377562.685 4655504.979 0.0)",2302
"POINT (377630.838 4655349.789 0.0)",2303
"POINT (377598.34 4655457.529 0.0)",2304
"POINT (377634.009 4655410.509 0.0)",2305
"POINT (377272.55 4655064.579 0.0)",2306
"POINT (377204.39 4655045.159 0.0)",2307
"POINT (377659.324 4655273.319 0.0)",2308
"POINT (377620.77 4655053.479 0.0)",2309
"POINT (377535.044 4654929.999 0.0)",2310
"POINT (377414.967 4654987.289 0.0)",2311
"POINT (377301.462 4654985.419 0.0)",2312
"POINT (377590.497 4655285.399 0.0)",2313
"POINT (377503.251 4655514.029 0.0)",2314
"POINT (377543.76 4655454.609 0.0)",2315
"POINT (377579.615 4655400.949 0.0)",2316
"POINT (377232.529 4655138.429 0.0)",2317
"POINT (377600.543 4655225.139 0.0)",2318
"POINT (377542.554 4655156.129 0.0)",2319
"POINT (377486.738 4655062.429 0.0)",2320
"POINT (377351.82 4655089.299 0.0)",2321
"POINT (377552.786 4655335.739 0.0)",2322
"POINT (377468.168 4655481.379 0.0)",2323
"POINT (377496.636 4655452.089 0.0)",2324
"POINT (377517.958 4655397.529 0.0)",2325
"POINT (377324.763 4655212.459 0.0)",2326
"POINT (377256.137 4655233.079 0.0)",2327
"POINT (377421.189 4655471.199 0.0)",2328
"POINT (377505.855 4655261.669 0.0)",2329
"POINT (377426.854 4655189.069 0.0)",2330
"POINT (377474.949 4655341.719 0.0)",2331
"POINT (377451.411 4655418.949 0.0)",2332
"POINT (377283.436 4655326.729 0.0)",2333
"POINT (377390.139 4655432.279 0.0)",2334
"POINT (377405.329 4655283.569 0.0)",2335
"POINT (377387.741 4655370.219 0.0)",2336
"POINT (377318.398 4655417.649 0.0)",2337
